Analysis,ICPMS_connect,Sample,Mica_type,SiO2,TiO2,Al2O3,FeO,MnO,MgO,CaO,Na2O,K2O,LiO2,Cl,F ,Total,"O=F,Cl_Wt%",Volatitle TOTAL_Wt%,SiO2_Mol Prop,TiO2_Mol Prop,Al2O3_Mol Prop,FeO_Mol Prop,MnO_Mol Prop,MgO_Mol Prop,CaO_Mol Prop,Na2O_Mol Prop,K2O_Mol Prop,LiO2_Mol Prop,Cl_Mol Prop,F_Mol Prop,SiO2_At Prop O,TiO2_At Prop O,Al2O3_At Prop O,FeO_At Prop O,MnO_At Prop O,MgO_At Prop O,CaO_At Prop O,Na2O_At Prop O,K2O_At Prop O,LiO2_At Prop O,Cl_At Prop O,F_At Prop O,Total_At Prop O,SiO2_No Anions,TiO2_No Anions,Al2O3_No Anions,FeO_No Anions,MnO_No Anions,MgO_No Anions,CaO_No Anions,Na2O_No Anions,K2O_No Anions,LiO2_No Anions,Cl_No Anions,F_No Anions,Total_No Anions,Si_,Ti_,Al_,Fe(ii)_,Mn_,Mg_,Ca_,Na_,K_,Li_,Cl_,F_,TOTAL_,Si_APFU,Al (IV)_APFU,Al (VI)_APFU,Ti_APFU,Fe(ii)_APFU,Mn_APFU,Mg_APFU,Ca_APFU,Na_APFU,K_APFU,Li_APFU,Cl_APFU,F_APFU,TOTAL_APFU,OH_APFU,XMg_APFU,Xsid_APFU,Xan_APFU,F/(F + OH)_APFU
01A02C_5,01A02C_t_ms-12,01A02C,5,44.5523,0.3905,32.5425,2.3908,0.0694,2.2589,0,0.3363,10.1334,1.56628957,0.0001,0.8649,93.6477,0.364,93.284,0.742,0.005,0.319,0.033,0.001,0.056,0,0.005,0.108,0.04,0,0.046,1.483,0.01,0.958,0.033,0.001,0.056,0,0.005,0.108,0.08,0,0.046,2.757,11.835,0.078,7.641,0.266,0.008,0.447,0,0.043,0.858,0.642,0,0.363,7.98,5.918,0.039,5.094,0.266,0.008,0.447,0,0.087,1.717,0.321,0,0.363,13.896,5.918,2.082,3.011,0.039,0.266,0.008,0.447,0,0.087,1.717,0.321,0,0.363,13.896,3.637,0.118610251,0.925868714,-0.044478965,0.090814843
01A02C_6,01A02C_t_ms-11,01A02C,5,45.6126,0.4113,31.4643,2.1834,0.1228,2.3736,0,0.4289,9.4057,1.557327891,0,0.9259,93.002,0.39,92.612,0.759,0.005,0.309,0.03,0.002,0.059,0,0.007,0.1,0.04,0,0.049,1.518,0.01,0.926,0.03,0.002,0.059,0,0.007,0.1,0.08,0,0.049,2.757,12.118,0.082,7.388,0.243,0.014,0.47,0,0.055,0.797,0.638,0,0.389,7.981,6.059,0.041,4.926,0.243,0.014,0.47,0,0.11,1.594,0.319,0,0.389,13.776,6.059,1.941,2.985,0.041,0.243,0.014,0.47,0,0.11,1.594,0.319,0,0.389,13.776,3.611,0.125276021,0.884676159,-0.00995218,0.097229275
01A02C_9,01A02C_t_ms-1,01A02C,5,45.2622,0.291,32.6666,2.0218,0.1127,2.3216,0,0.5406,9.3351,1.0195048,0,0.7915,93.3975,0.333,93.064,0.753,0.004,0.32,0.028,0.002,0.058,0,0.009,0.099,0.026,0,0.042,1.507,0.007,0.961,0.028,0.002,0.058,0,0.009,0.099,0.052,0,0.042,2.744,12.082,0.058,7.707,0.226,0.013,0.462,0,0.07,0.795,0.42,0,0.334,8.019,6.041,0.029,5.138,0.226,0.013,0.462,0,0.14,1.589,0.21,0,0.334,13.848,6.041,1.959,3.179,0.029,0.226,0.013,0.462,0,0.14,1.589,0.21,0,0.334,13.848,3.666,0.118177003,0.919255707,-0.037432709,0.083512424
01A02C_10,01A02C_t_ms-2,01A02C,5,45.4297,0.3617,32.2849,1.9933,0.0852,2.2539,0,0.4493,9.3064,0.972524708,0,0.8573,93.027,0.361,92.666,0.756,0.005,0.317,0.028,0.001,0.056,0,0.007,0.099,0.025,0,0.045,1.512,0.009,0.95,0.028,0.001,0.056,0,0.007,0.099,0.05,0,0.045,2.735,12.166,0.073,7.642,0.223,0.01,0.45,0,0.058,0.795,0.402,0,0.363,8.045,6.083,0.036,5.095,0.223,0.01,0.45,0,0.117,1.59,0.201,0,0.363,13.804,6.083,1.917,3.178,0.036,0.223,0.01,0.45,0,0.117,1.59,0.201,0,0.363,13.804,3.637,0.115459289,0.912837671,-0.02829696,0.09074643
01A02C_15,01A02C_t_ms-9,01A02C,5,45.0287,0.3935,32.7234,1.94,0.0791,2.167,0,0.5148,9.7522,1.58106583,0.0014,0.9272,93.5273,0.391,93.137,0.749,0.005,0.321,0.027,0.001,0.054,0,0.008,0.104,0.041,0,0.049,1.499,0.01,0.963,0.027,0.001,0.054,0,0.008,0.104,0.081,0,0.049,2.771,11.901,0.078,7.644,0.214,0.009,0.427,0,0.066,0.822,0.645,0,0.387,7.939,5.95,0.039,5.096,0.214,0.009,0.427,0,0.132,1.644,0.322,0,0.387,13.834,5.95,2.05,3.047,0.039,0.214,0.009,0.427,0,0.132,1.644,0.322,0,0.387,13.834,3.612,0.114274587,0.927421162,-0.041695749,0.096868417
01A02C_16,01A02C_t_ms-8,01A02C,5,44.8429,0.3733,32.8791,2.0932,0.0917,2.0839,0,0.3872,10.0212,1.627886609,0,0.9363,93.7644,0.394,93.37,0.746,0.005,0.322,0.029,0.001,0.052,0,0.006,0.106,0.042,0,0.049,1.493,0.009,0.967,0.029,0.001,0.052,0,0.006,0.106,0.084,0,0.049,2.773,11.845,0.074,7.676,0.231,0.01,0.41,0,0.05,0.844,0.663,0,0.391,7.935,5.923,0.037,5.118,0.231,0.01,0.41,0,0.099,1.688,0.332,0,0.391,13.848,5.923,2.077,3.04,0.037,0.231,0.01,0.41,0,0.099,1.688,0.332,0,0.391,13.848,3.609,0.110035176,0.937110617,-0.047145793,0.097756445
01A02C_17,01A02C_t_ms-8,01A02C,5,45.1919,0.3616,32.8204,1.883,0.0602,2.154,0,0.5664,9.7685,1.627886609,0,0.8966,93.7627,0.378,93.385,0.752,0.005,0.322,0.026,0.001,0.053,0,0.009,0.104,0.042,0,0.047,1.504,0.009,0.966,0.026,0.001,0.053,0,0.009,0.104,0.084,0,0.047,2.78,11.907,0.072,7.643,0.207,0.007,0.423,0,0.072,0.821,0.662,0,0.373,7.915,5.953,0.036,5.095,0.207,0.007,0.423,0,0.145,1.641,0.331,0,0.373,13.839,5.953,2.047,3.049,0.036,0.207,0.007,0.423,0,0.145,1.641,0.331,0,0.373,13.839,3.627,0.113667069,0.92766806,-0.041335129,0.093371309
01A02C_20,01A02C_t_ms-16,01A02C,6,36.2063,1.5975,18.9959,15.5107,0.7741,9.1908,0,0.0811,8.823,5.102833998,0,1.4774,92.7492,0.622,92.127,0.603,0.02,0.186,0.216,0.011,0.228,0,0.001,0.094,0.131,0,0.078,1.205,0.04,0.559,0.216,0.011,0.228,0,0.001,0.094,0.262,0,0.078,2.655,9.987,0.331,4.631,1.789,0.09,1.89,0,0.011,0.776,2.172,0,0.644,8.286,4.994,0.166,3.088,1.789,0.09,1.89,0,0.022,1.552,1.086,0,0.644,14.676,4.994,3.006,0.081,0.166,1.789,0.09,1.89,0,0.022,1.552,1.086,0,0.644,14.676,3.356,0.470564964,0.418310139,0.111124897,0.16108189
01A02C_28,01A02C_t_ms-14,01A02C,5,45.448,0.3306,28.3242,2.1066,0.0762,2.244,0,0.5058,9.2467,1.597610874,0.0094,0.9764,89.3285,0.413,88.915,0.756,0.004,0.278,0.029,0.001,0.056,0,0.008,0.098,0.041,0,0.051,1.513,0.008,0.833,0.029,0.001,0.056,0,0.008,0.098,0.082,0,0.051,2.655,12.537,0.069,6.906,0.243,0.009,0.461,0,0.068,0.813,0.68,0.002,0.426,8.287,6.269,0.034,4.604,0.243,0.009,0.461,0,0.135,1.627,0.34,0.002,0.426,13.722,6.269,1.731,2.873,0.034,0.243,0.009,0.461,0,0.135,1.627,0.34,0.002,0.426,13.722,3.572,0.127459976,0.816932089,0.055607935,0.106520476
01A02C_29,01A02C_t_ms-15,01A02C,5,44.5777,0.3224,28.6519,1.9903,0.1034,1.9742,0,0.3845,9.3822,1.66326,0.0113,0.7713,88.1883,0.327,87.861,0.742,0.004,0.281,0.028,0.001,0.049,0,0.006,0.1,0.043,0,0.041,1.484,0.008,0.843,0.028,0.001,0.049,0,0.006,0.1,0.085,0,0.041,2.625,12.437,0.068,7.066,0.232,0.012,0.411,0,0.052,0.835,0.716,0.003,0.34,8.381,6.219,0.034,4.71,0.232,0.012,0.411,0,0.104,1.67,0.358,0.003,0.34,13.75,6.219,1.781,2.929,0.034,0.232,0.012,0.411,0,0.104,1.67,0.358,0.003,0.34,13.75,3.657,0.113482862,0.850963746,0.035553392,0.085116291
01A02C_30,01A02C_t_ms-10,01A02C,5,45.3304,0.3661,27.8343,2.1284,0.0859,2.0941,0.014,0.4249,8.8901,1.68813966,0.0085,0.7855,87.9757,0.333,87.643,0.755,0.005,0.273,0.03,0.001,0.052,0,0.007,0.094,0.043,0,0.041,1.509,0.009,0.819,0.03,0.001,0.052,0,0.007,0.094,0.087,0,0.041,2.629,12.628,0.077,6.854,0.248,0.01,0.435,0.002,0.057,0.79,0.726,0.002,0.346,8.368,6.314,0.038,4.569,0.248,0.01,0.435,0.002,0.115,1.58,0.363,0.002,0.346,13.673,6.314,1.686,2.883,0.038,0.248,0.01,0.435,0.002,0.115,1.58,0.363,0.002,0.346,13.673,3.652,0.120313407,0.813379299,0.066307295,0.086535901
01A05A_1,01A05A_t_lrg-2,01A05A,2,44.8354,0.0533,37.9831,1.1103,0.1059,0.0475,0.0042,0.2411,8.5286,0.225693249,0.0151,0.2314,93.2723,0.101,93.171,0.746,0.001,0.373,0.015,0.001,0.001,0,0.004,0.091,0.006,0,0.012,1.493,0.001,1.118,0.015,0.001,0.001,0,0.004,0.091,0.012,0,0.012,2.742,11.975,0.011,8.967,0.124,0.012,0.009,0.001,0.031,0.726,0.093,0.003,0.098,8.023,5.988,0.005,5.978,0.124,0.012,0.009,0.001,0.062,1.453,0.047,0.003,0.098,13.679,5.988,2.012,3.966,0.005,0.124,0.012,0.009,0.001,0.062,1.453,0.047,0.003,0.098,13.679,3.899,0.002297434,1.139311124,-0.141608557,0.024450146
01A05A_2,01A05A_t_lrg-2,01A05A,2,44.9184,0.0365,38.5146,0.9858,0.1028,0.0218,0,0.2224,8.5785,0.225693249,0.0061,0.2418,93.7238,0.103,93.621,0.748,0,0.378,0.014,0.001,0.001,0,0.004,0.091,0.006,0,0.013,1.495,0.001,1.133,0.014,0.001,0.001,0,0.004,0.091,0.012,0,0.013,2.758,11.928,0.007,9.04,0.109,0.012,0.004,0,0.029,0.726,0.092,0.001,0.102,7.977,5.964,0.004,6.027,0.109,0.012,0.004,0,0.057,1.453,0.046,0.001,0.102,13.676,5.964,2.036,3.991,0.004,0.109,0.012,0.004,0,0.057,1.453,0.046,0.001,0.102,13.676,3.897,0.001047433,1.147584863,-0.148632296,0.025389048
01A05A_3,01A05A_t_lrg-1,01A05A,2,44.4255,0.0145,38.9077,0.6861,0.0758,0.0169,0,0.4903,8.5682,0.263373429,0.0075,0.2169,93.4454,0.093,93.352,0.739,0,0.382,0.01,0.001,0,0,0.008,0.091,0.007,0,0.011,1.479,0,1.145,0.01,0.001,0,0,0.008,0.091,0.014,0,0.011,2.753,11.817,0.003,9.147,0.076,0.009,0.003,0,0.063,0.727,0.108,0.002,0.091,7.99,5.908,0.001,6.098,0.076,0.009,0.003,0,0.126,1.454,0.054,0.002,0.091,13.73,5.908,2.092,4.007,0.001,0.076,0.009,0.003,0,0.126,1.454,0.054,0.002,0.091,13.73,3.907,0.000817998,1.159694826,-0.160512823,0.022814019
01A05A_4,01A05A_t_lrg-2,01A05A,2,45.1136,0.0193,37.7834,1.1426,0.1297,0.0257,0,0.3764,8.4629,0.225693249,0.0108,0.2166,93.3438,0.094,93.25,0.751,0,0.371,0.016,0.002,0.001,0,0.006,0.09,0.006,0,0.011,1.502,0,1.112,0.016,0.002,0.001,0,0.006,0.09,0.012,0,0.011,2.746,12.033,0.004,8.908,0.127,0.015,0.005,0,0.049,0.72,0.093,0.002,0.091,8.013,6.017,0.002,5.938,0.127,0.015,0.005,0,0.097,1.44,0.046,0.002,0.091,13.687,6.017,1.983,3.955,0.002,0.127,0.015,0.005,0,0.097,1.44,0.046,0.002,0.091,13.687,3.906,0.001245041,1.133925838,-0.135170879,0.022849606
01A05A_5,01A05A_t_lrg-1,01A05A,2,45.317,0.0285,38.9167,0.8058,0.0431,0.009,0,0.5218,8.6127,0.263373429,0.0098,0.2168,94.4995,0.093,94.406,0.754,0,0.382,0.011,0.001,0,0,0.008,0.091,0.007,0,0.011,1.509,0.001,1.145,0.011,0.001,0,0,0.008,0.091,0.014,0,0.011,2.786,11.914,0.006,9.043,0.089,0.005,0.002,0,0.066,0.722,0.107,0.002,0.09,7.898,5.957,0.003,6.029,0.089,0.005,0.002,0,0.133,1.444,0.053,0.002,0.09,13.715,5.957,2.043,3.986,0.003,0.089,0.005,0.002,0,0.133,1.444,0.053,0.002,0.09,13.715,3.908,0.000431872,1.149168237,-0.149600108,0.022541767
01A05A_11,01A05A_t-68,01A05A,2,43.8768,0.1483,38.3333,0.7768,0.0755,0.0537,0,0.4759,9.2656,0.284869996,0.0119,0.2122,93.2758,0.092,93.184,0.73,0.002,0.376,0.011,0.001,0.001,0,0.008,0.098,0.007,0,0.011,1.461,0.004,1.128,0.011,0.001,0.001,0,0.008,0.098,0.015,0,0.011,2.732,11.763,0.03,9.083,0.087,0.009,0.011,0,0.062,0.792,0.118,0.003,0.09,8.053,5.881,0.015,6.055,0.087,0.009,0.011,0,0.124,1.584,0.059,0.003,0.09,13.825,5.881,2.119,3.937,0.015,0.087,0.009,0.011,0,0.124,1.584,0.059,0.003,0.09,13.825,3.907,0.002644388,1.156223155,-0.158867543,0.022500462
01A05A_12,01A05A_t-66,01A05A,2,44.1017,0.0258,37.4778,0.7742,0.072,0.0039,0,0.5138,9.9598,0.190359251,0.0028,0.2729,93.2825,0.116,93.167,0.734,0,0.368,0.011,0.001,0,0,0.008,0.106,0.005,0,0.014,1.468,0.001,1.103,0.011,0.001,0,0,0.008,0.106,0.01,0,0.014,2.714,11.899,0.005,8.938,0.087,0.008,0.001,0,0.067,0.857,0.079,0.001,0.116,8.105,5.949,0.003,5.958,0.087,0.008,0.001,0,0.134,1.714,0.04,0.001,0.116,13.895,5.949,2.051,3.908,0.003,0.087,0.008,0.001,0,0.134,1.714,0.04,0.001,0.116,13.895,3.883,0.000195755,1.143486353,-0.143682108,0.029108037
01A05A_13,01A05A_t-59,01A05A,2,43.9458,0.1497,38.2454,0.7831,0.084,0.0565,0,0.4786,9.336,0.269888707,0.005,0.3835,93.492,0.163,93.329,0.731,0.002,0.375,0.011,0.001,0.001,0,0.008,0.099,0.007,0,0.02,1.463,0.004,1.125,0.011,0.001,0.001,0,0.008,0.099,0.014,0,0.02,2.736,11.762,0.03,9.048,0.088,0.01,0.011,0,0.062,0.797,0.111,0.001,0.162,8.04,5.881,0.015,6.032,0.088,0.01,0.011,0,0.124,1.594,0.056,0.001,0.162,13.81,5.881,2.119,3.913,0.015,0.088,0.01,0.011,0,0.124,1.594,0.056,0.001,0.162,13.81,3.837,0.002792807,1.153906756,-0.156699563,0.040581991
01A05A_14,01A05A_t-36,01A05A,4,43.8764,0.0399,36.9688,0.7495,0.0821,0.03,0.0124,0.5334,9.0758,0.27275417,0.027,0.1265,91.5278,0.059,91.468,0.73,0,0.363,0.01,0.001,0.001,0,0.009,0.096,0.007,0.001,0.007,1.461,0.001,1.088,0.01,0.001,0.001,0,0.009,0.096,0.014,0.001,0.007,2.685,11.97,0.008,8.914,0.085,0.009,0.006,0.002,0.071,0.79,0.115,0.006,0.055,8.195,5.985,0.004,5.943,0.085,0.009,0.006,0.002,0.141,1.579,0.057,0.006,0.055,13.812,5.985,2.015,3.927,0.004,0.085,0.009,0.006,0.002,0.141,1.579,0.057,0.006,0.055,13.812,3.939,0.00151277,1.137086593,-0.138599363,0.01366166
01A05A_15,01A05A_t-40,01A05A,4,43.7963,0.0852,37.7459,0.7273,0.087,0.0348,0,0.38,9.6995,0.211720458,0,0.152,92.7208,0.064,92.657,0.729,0.001,0.37,0.01,0.001,0.001,0,0.006,0.103,0.005,0,0.008,1.458,0.002,1.111,0.01,0.001,0.001,0,0.006,0.103,0.011,0,0.008,2.707,11.849,0.017,9.026,0.082,0.01,0.007,0,0.05,0.837,0.088,0,0.065,8.127,5.925,0.009,6.018,0.082,0.01,0.007,0,0.1,1.674,0.044,0,0.065,13.868,5.925,2.075,3.942,0.009,0.082,0.01,0.007,0,0.1,1.674,0.044,0,0.065,13.868,3.935,0.001732804,1.149690369,-0.151423173,0.016254998
01A05A_16,01A05A_t-50,01A05A,4,43.0863,0.0323,36.64,0.6845,0.0495,0.1146,0.0016,0.302,9.194,0.203060125,0.0147,0.1569,90.2763,0.069,90.207,0.717,0,0.359,0.01,0.001,0.003,0,0.005,0.098,0.005,0,0.008,1.434,0.001,1.078,0.01,0.001,0.003,0,0.005,0.098,0.01,0,0.008,2.644,11.937,0.007,8.972,0.079,0.006,0.024,0,0.041,0.812,0.087,0.003,0.069,8.322,5.968,0.003,5.981,0.079,0.006,0.024,0,0.081,1.625,0.043,0.003,0.069,13.811,5.968,2.032,3.95,0.003,0.079,0.006,0.024,0,0.081,1.625,0.043,0.003,0.069,13.811,3.928,0.005826511,1.137434852,-0.143261363,0.017195927
01A05A_17,01A05A_t-54,01A05A,4,43.2616,0.0245,37.8885,0.7849,0.0646,0.0147,0,0.566,10.0827,0.24595493,0.011,0.0809,92.7863,0.037,92.75,0.72,0,0.372,0.011,0.001,0,0,0.009,0.107,0.006,0,0.004,1.44,0.001,1.115,0.011,0.001,0,0,0.009,0.107,0.013,0,0.004,2.699,11.739,0.005,9.088,0.089,0.007,0.003,0,0.074,0.873,0.103,0.003,0.035,8.152,5.87,0.003,6.058,0.089,0.007,0.003,0,0.149,1.745,0.051,0.003,0.035,13.975,5.87,2.13,3.928,0.003,0.089,0.007,0.003,0,0.149,1.745,0.051,0.003,0.035,13.975,3.963,0.000737819,1.159789923,-0.160527742,0.008682725
01A05A_18,01A05A_t-53,01A05A,4,43.5319,0.0322,37.7835,0.842,0.0634,0.0199,0,0.5346,10.1035,0.236229039,0.0068,0.1365,93.092,0.059,93.033,0.725,0,0.371,0.012,0.001,0,0,0.009,0.107,0.006,0,0.007,1.449,0.001,1.112,0.012,0.001,0,0,0.009,0.107,0.012,0,0.007,2.706,11.78,0.007,9.037,0.095,0.007,0.004,0,0.07,0.872,0.099,0.002,0.058,8.129,5.89,0.003,6.025,0.095,0.007,0.004,0,0.14,1.744,0.049,0.002,0.058,13.957,5.89,2.11,3.914,0.003,0.095,0.007,0.004,0,0.14,1.744,0.049,0.002,0.058,13.957,3.94,0.000997466,1.154486229,-0.155483695,0.014605258
01A05C_13,01A05C_t-1,01A05C,1,44.2746,0.0116,37.1191,0.8288,0.122,0.0127,0,0.5526,10.0376,0.210783827,0,0.2968,93.2823,0.125,93.157,0.737,0,0.364,0.012,0.002,0,0,0.009,0.107,0.005,0,0.016,1.474,0,1.092,0.012,0.002,0,0,0.009,0.107,0.011,0,0.016,2.714,11.947,0.002,8.853,0.094,0.014,0.003,0,0.072,0.864,0.088,0,0.127,8.106,5.974,0.001,5.902,0.094,0.014,0.003,0,0.145,1.728,0.044,0,0.127,13.903,5.974,2.026,3.876,0.001,0.094,0.014,0.003,0,0.145,1.728,0.044,0,0.127,13.903,3.873,0.000640719,1.135210125,-0.135850844,0.031656628
01A05C_14,01A05C_t-3,01A05C,1,43.9151,0.0301,37.5145,0.7091,0.043,0.0198,0,0.4936,9.9231,0.193504366,0.0111,0.1259,92.8071,0.056,92.752,0.731,0,0.368,0.01,0.001,0,0,0.008,0.105,0.005,0,0.007,1.462,0.001,1.104,0.01,0.001,0,0,0.008,0.105,0.01,0,0.007,2.704,11.894,0.006,8.98,0.08,0.005,0.004,0,0.065,0.857,0.081,0.003,0.054,8.136,5.947,0.003,5.987,0.08,0.005,0.004,0,0.13,1.714,0.04,0.003,0.054,13.91,5.947,2.053,3.934,0.003,0.08,0.005,0.004,0,0.13,1.714,0.04,0.003,0.054,13.91,3.944,0.000992882,1.145541726,-0.146534608,0.013486068
01A05C_15,01A05C_t-7,01A05C,1,44.0234,0.0144,37.3092,0.8194,0.0945,0.0161,0,0.6035,9.8457,0.217006946,0.005,0.2311,93.0037,0.098,92.905,0.733,0,0.366,0.011,0.001,0,0,0.01,0.105,0.006,0,0.012,1.465,0,1.098,0.011,0.001,0,0,0.01,0.105,0.011,0,0.012,2.708,11.904,0.003,8.917,0.093,0.011,0.003,0,0.079,0.849,0.091,0.001,0.099,8.123,5.952,0.001,5.945,0.093,0.011,0.003,0,0.158,1.698,0.045,0.001,0.099,13.907,5.952,2.048,3.897,0.001,0.093,0.011,0.003,0,0.158,1.698,0.045,0.001,0.099,13.907,3.9,0.000810246,1.141223994,-0.142034239,0.02470792
01A05C_16,01A05C_t-9,01A05C,1,44.0624,0.0326,37.0541,0.8575,0.0974,0.0071,0,0.6167,10.0712,0.174133384,0,0.2162,93.0511,0.091,92.96,0.733,0,0.363,0.012,0.001,0,0,0.01,0.107,0.004,0,0.011,1.467,0.001,1.09,0.012,0.001,0,0,0.01,0.107,0.009,0,0.011,2.703,11.939,0.007,8.874,0.097,0.011,0.001,0,0.081,0.87,0.073,0,0.093,8.14,5.97,0.003,5.916,0.097,0.011,0.001,0,0.162,1.74,0.036,0,0.093,13.938,5.97,2.03,3.886,0.003,0.097,0.011,0.001,0,0.162,1.74,0.036,0,0.093,13.938,3.907,0.000358617,1.137292187,-0.137650804,0.023154972
01A05C_17,01A05C_t-6,01A05C,1,43.9222,0.0141,37.409,0.7851,0.1059,0.0088,0,0.5217,10.1466,0.194354603,0,0.1912,93.1649,0.081,93.084,0.731,0,0.367,0.011,0.001,0,0,0.008,0.108,0.005,0,0.01,1.462,0,1.101,0.011,0.001,0,0,0.008,0.108,0.01,0,0.01,2.707,11.883,0.003,8.946,0.089,0.012,0.002,0,0.068,0.875,0.081,0,0.082,8.127,5.941,0.001,5.964,0.089,0.012,0.002,0,0.137,1.751,0.041,0,0.082,13.938,5.941,2.059,3.905,0.001,0.089,0.012,0.002,0,0.137,1.751,0.041,0,0.082,13.938,3.918,0.000442632,1.144480661,-0.144923294,0.020446351
02A03B_1,02A03B_10,02A03B,3a,44.2777,0.0362,35.6898,1.2878,0.0714,0.0082,0,0.5876,9.8907,0.335994854,0,0.3409,92.2292,0.144,92.086,0.737,0,0.35,0.018,0.001,0,0,0.009,0.105,0.009,0,0.018,1.474,0.001,1.05,0.018,0.001,0,0,0.009,0.105,0.017,0,0.018,2.685,12.078,0.007,8.605,0.147,0.008,0.002,0,0.078,0.86,0.141,0,0.147,8.194,6.039,0.004,5.737,0.147,0.008,0.002,0,0.155,1.721,0.071,0,0.147,13.883,6.039,1.961,3.776,0.004,0.147,0.008,0.002,0,0.155,1.721,0.071,0,0.147,13.883,3.853,0.000423601,1.112262882,-0.112686483,0.036755447
02A03B_2,02A03B_9,02A03B,3a,43.9328,0.0324,36.2099,1.332,0.0648,0.0025,0,0.4785,9.5001,0.585720566,0,0.2479,91.8319,0.104,91.728,0.731,0,0.355,0.019,0.001,0,0,0.008,0.101,0.015,0,0.013,1.462,0.001,1.065,0.019,0.001,0,0,0.008,0.101,0.03,0,0.013,2.693,11.946,0.007,8.702,0.151,0.007,0.001,0,0.063,0.824,0.246,0,0.107,8.168,5.973,0.003,5.802,0.151,0.007,0.001,0,0.126,1.648,0.123,0,0.107,13.834,5.973,2.027,3.774,0.003,0.151,0.007,0.001,0,0.126,1.648,0.123,0,0.107,13.834,3.893,0.000128698,1.12584816,-0.125976857,0.026643155
02A03B_3,02A03B_6,02A03B,4,43.5342,0.0044,36.684,0.866,0.0394,0.0045,0,0.4348,10.1273,1.001347339,0.0008,0.1971,91.8926,0.083,91.809,0.725,0,0.36,0.012,0.001,0,0,0.007,0.108,0.026,0,0.01,1.449,0,1.079,0.012,0.001,0,0,0.007,0.108,0.051,0,0.01,2.713,11.754,0.001,8.754,0.098,0.005,0.001,0,0.057,0.872,0.417,0,0.084,8.11,5.877,0,5.836,0.098,0.005,0.001,0,0.114,1.744,0.209,0,0.084,13.883,5.877,2.123,3.713,0,0.098,0.005,0.001,0,0.114,1.744,0.209,0,0.084,13.883,3.916,0.000237291,1.138594426,-0.138831717,0.021034737
02A03B_4,02A03B_7,02A03B,4,43.8537,0.0091,36.7778,0.7718,0.0062,0,0,0.4319,10.0881,0.231910116,0.0094,0.2234,92.1965,0.096,92.1,0.73,0,0.361,0.011,0,0,0,0.007,0.107,0.006,0,0.012,1.46,0,1.082,0.011,0,0,0,0.007,0.107,0.012,0,0.012,2.685,11.961,0.002,8.867,0.088,0.001,0,0,0.057,0.877,0.098,0.002,0.096,8.194,5.981,0.001,5.911,0.088,0.001,0,0,0.114,1.755,0.049,0.002,0.096,13.899,5.981,2.019,3.892,0.001,0.088,0.001,0,0,0.114,1.755,0.049,0.002,0.096,13.899,3.901,0,1.136119975,-0.136119975,0.024098086
02A03B_5,02A03B_9,02A03B,3a,43.8453,0.0374,36.6347,1.2104,0.0755,0.0061,0,0.4762,10.2103,0.585720566,0,0.3104,92.8566,0.131,92.726,0.73,0,0.359,0.017,0.001,0,0,0.008,0.108,0.015,0,0.016,1.46,0.001,1.078,0.017,0.001,0,0,0.008,0.108,0.03,0,0.016,2.711,11.845,0.008,8.748,0.137,0.009,0.001,0,0.062,0.88,0.244,0,0.133,8.116,5.923,0.004,5.832,0.137,0.009,0.001,0,0.125,1.759,0.122,0,0.133,13.911,5.923,2.077,3.755,0.004,0.137,0.009,0.001,0,0.125,1.759,0.122,0,0.133,13.911,3.867,0.000314573,1.133616044,-0.133930616,0.033146161
02A03B_6,02A03B_8,02A03B,3a,43.8449,0.0503,36.2687,1.2764,0.0833,0,0,0.6006,9.824,0.313779028,0,0.2892,92.2958,0.122,92.174,0.73,0.001,0.356,0.018,0.001,0,0,0.01,0.104,0.008,0,0.015,1.46,0.001,1.067,0.018,0.001,0,0,0.01,0.104,0.016,0,0.015,2.685,11.961,0.01,8.745,0.146,0.01,0,0,0.079,0.855,0.132,0,0.125,8.195,5.98,0.005,5.83,0.146,0.01,0,0,0.159,1.709,0.066,0,0.125,13.905,5.98,2.02,3.811,0.005,0.146,0.01,0,0,0.159,1.709,0.066,0,0.125,13.905,3.875,0,1.128121969,-0.128121969,0.031183716
02A03B_7,02A03B_2,02A03B,3b,43.8139,0.0429,36.8045,1.0545,0.0446,0.0157,0,0.5994,9.5592,0.381809578,0.0198,0.3253,92.3187,0.141,92.177,0.729,0.001,0.361,0.015,0.001,0,0,0.01,0.101,0.01,0.001,0.017,1.459,0.001,1.083,0.015,0.001,0,0,0.01,0.101,0.02,0.001,0.017,2.698,11.894,0.009,8.831,0.12,0.005,0.003,0,0.079,0.828,0.16,0.005,0.14,8.155,5.947,0.004,5.887,0.12,0.005,0.003,0,0.158,1.655,0.08,0.005,0.14,13.859,5.947,2.053,3.834,0.004,0.12,0.005,0.003,0,0.158,1.655,0.08,0.005,0.14,13.859,3.856,0.000800918,1.136153054,-0.136953972,0.034944501
02A03B_8,02A03B_1,02A03B,3b,44.391,0.0658,36.7185,1.1811,0.0506,0.0068,0,0.4444,9.7531,0.384337761,0.021,0.2172,92.8496,0.096,92.753,0.739,0.001,0.36,0.016,0.001,0,0,0.007,0.104,0.01,0.001,0.011,1.478,0.002,1.08,0.016,0.001,0,0,0.007,0.104,0.02,0.001,0.011,2.714,11.981,0.013,8.759,0.133,0.006,0.001,0,0.058,0.839,0.16,0.005,0.093,8.108,5.99,0.007,5.839,0.133,0.006,0.001,0,0.116,1.679,0.08,0.005,0.093,13.852,5.99,2.01,3.83,0.007,0.133,0.006,0.001,0,0.116,1.679,0.08,0.005,0.093,13.852,3.903,0.00034399,1.127703006,-0.128046995,0.023198248
02A05B_1,02A05B_t-1,02A05B,3b,43.2589,0.0216,37.6128,0.5441,0.0523,0,0,0.4863,10.3185,0.404032851,0.0002,0.1559,92.4841,0.066,92.418,0.72,0,0.369,0.008,0.001,0,0,0.008,0.11,0.01,0,0.008,1.44,0.001,1.107,0.008,0.001,0,0,0.008,0.11,0.021,0,0.008,2.698,11.743,0.004,9.025,0.062,0.006,0,0,0.064,0.893,0.169,0,0.067,8.155,5.872,0.002,6.017,0.062,0.006,0,0,0.128,1.787,0.085,0,0.067,13.957,5.872,2.128,3.888,0.002,0.062,0.006,0,0,0.128,1.787,0.085,0,0.067,13.957,3.933,0,1.156622926,-0.156622926,0.016728072
02A05B_2,02A05B_t-10,02A05B,3b,43.9597,0.0133,37.7363,0.5669,0.0342,0,0,0.5587,10.0027,0.325500597,0,0.0832,93.0034,0.035,92.968,0.732,0,0.37,0.008,0,0,0,0.009,0.106,0.008,0,0.004,1.463,0,1.11,0.008,0,0,0,0.009,0.106,0.017,0,0.004,2.717,11.851,0.003,8.992,0.064,0.004,0,0,0.073,0.86,0.135,0,0.035,8.099,5.926,0.001,5.995,0.064,0.004,0,0,0.146,1.72,0.068,0,0.035,13.923,5.926,2.074,3.92,0.001,0.064,0.004,0,0,0.146,1.72,0.068,0,0.035,13.923,3.965,0,1.14944335,-0.14944335,0.00886586
02A05B_3,02A05B_t-4,02A05B,3b,43.2126,0.0095,37.2593,0.6842,0.039,0.0126,0,0.4511,10.3563,0.215364985,0.0034,0.1247,92.1969,0.053,92.144,0.719,0,0.365,0.01,0.001,0,0,0.007,0.11,0.006,0,0.007,1.439,0,1.096,0.01,0.001,0,0,0.007,0.11,0.011,0,0.007,2.677,11.822,0.002,9.009,0.078,0.005,0.003,0,0.06,0.903,0.091,0.001,0.054,8.218,5.911,0.001,6.006,0.078,0.005,0.003,0,0.12,1.807,0.045,0.001,0.054,13.976,5.911,2.089,3.917,0.001,0.078,0.005,0.003,0,0.12,1.807,0.045,0.001,0.054,13.976,3.945,0.000641801,1.151195281,-0.151837082,0.013486792
02A05B_4,02A05B_t-7,02A05B,3b,43.3509,0.0147,37.7922,0.4888,0.0017,0,0,0.6003,10.1762,0.378132374,0,0.1507,92.6334,0.063,92.57,0.722,0,0.371,0.007,0,0,0,0.01,0.108,0.01,0,0.008,1.443,0,1.112,0.007,0,0,0,0.01,0.108,0.019,0,0.008,2.703,11.744,0.003,9.049,0.055,0,0,0,0.079,0.879,0.158,0,0.065,8.138,5.872,0.001,6.033,0.055,0,0,0,0.158,1.758,0.079,0,0.065,13.957,5.872,2.128,3.905,0.001,0.055,0,0,0,0.158,1.758,0.079,0,0.065,13.957,3.935,0,1.15808979,-0.15808979,0.016136764
02A05B_5,02A05B_t-3,02A05B,3b,43.5557,0.0063,37.1586,0.6585,0.0247,0.0145,0,0.5964,10.2412,0.239354046,0.003,0.1816,92.4607,0.077,92.384,0.725,0,0.364,0.009,0,0,0,0.01,0.109,0.006,0,0.01,1.45,0,1.093,0.009,0,0,0,0.01,0.109,0.012,0,0.01,2.689,11.864,0.001,8.946,0.075,0.003,0.003,0,0.079,0.89,0.101,0.001,0.078,8.182,5.932,0.001,5.964,0.075,0.003,0.003,0,0.157,1.779,0.05,0.001,0.078,13.964,5.932,2.068,3.896,0.001,0.075,0.003,0.003,0,0.157,1.779,0.05,0.001,0.078,13.964,3.921,0.000740216,1.145085318,-0.145825534,0.019554723
02A05B_6,02A05B_t-6,02A05B,3b,43.8185,0.0055,37.2196,0.5008,0.0364,0.015,0,0.4656,10.0843,0.202199751,0,0.1248,92.3263,0.053,92.274,0.729,0,0.365,0.007,0.001,0,0,0.008,0.107,0.005,0,0.007,1.459,0,1.095,0.007,0.001,0,0,0.008,0.107,0.01,0,0.007,2.69,11.93,0.001,8.956,0.057,0.004,0.003,0,0.061,0.876,0.085,0,0.054,8.178,5.965,0.001,5.971,0.057,0.004,0.003,0,0.123,1.751,0.042,0,0.054,13.917,5.965,2.035,3.936,0.001,0.057,0.004,0.003,0,0.123,1.751,0.042,0,0.054,13.917,3.946,0.000760925,1.142571348,-0.143332273,0.013429747
12A13_1,12A13_t_ms-3,12A13,1,44.0026,0.0293,37.0829,1.0002,0.0799,0.0053,0,0.6115,10.03,0.344386517,0,0.2469,93.133,0.104,93.029,0.732,0,0.364,0.014,0.001,0,0,0.01,0.106,0.009,0,0.013,1.465,0.001,1.091,0.014,0.001,0,0,0.01,0.106,0.018,0,0.013,2.712,11.881,0.006,8.85,0.113,0.009,0.001,0,0.08,0.864,0.143,0,0.105,8.111,5.941,0.003,5.9,0.113,0.009,0.001,0,0.16,1.727,0.072,0,0.105,13.926,5.941,2.059,3.841,0.003,0.113,0.009,0.001,0,0.16,1.727,0.072,0,0.105,13.926,3.895,0.000268922,1.138623616,-0.138892538,0.02635032
12A13_2,12A13_t_ms-2,12A13,1,43.4822,0.0246,37.7184,1.0123,0.0665,0.0079,0,0.6528,9.3331,0.365443863,0.0033,0.4115,92.7286,0.174,92.555,0.724,0,0.37,0.014,0.001,0,0,0.011,0.099,0.009,0,0.022,1.447,0.001,1.11,0.014,0.001,0,0,0.011,0.099,0.019,0,0.022,2.712,11.74,0.005,9.002,0.114,0.008,0.002,0,0.085,0.804,0.152,0.001,0.176,8.111,5.87,0.002,6.001,0.114,0.008,0.002,0,0.171,1.607,0.076,0.001,0.176,13.851,5.87,2.13,3.871,0.002,0.114,0.008,0.002,0,0.171,1.607,0.076,0.001,0.176,13.851,3.824,0.000397772,1.154854095,-0.155251868,0.043925019
12A13_3,12A13_t_ms-5,12A13,1,43.5248,0.0238,37.5409,0.9772,0.0706,0.001,0,0.6172,9.189,0.347862251,0.0055,0.3262,92.3732,0.139,92.235,0.724,0,0.368,0.014,0.001,0,0,0.01,0.098,0.009,0,0.017,1.449,0.001,1.105,0.014,0.001,0,0,0.01,0.098,0.018,0,0.017,2.703,11.794,0.005,8.991,0.111,0.008,0,0,0.081,0.794,0.145,0.001,0.14,8.14,5.897,0.002,5.994,0.111,0.008,0,0,0.162,1.588,0.073,0.001,0.14,13.835,5.897,2.103,3.891,0.002,0.111,0.008,0,0,0.162,1.588,0.073,0.001,0.14,13.835,3.859,5.03E-05,1.152062512,-0.152112851,0.034948511
12A13_4,12A13_t_ms-4,12A13,1,43.9895,0.0262,37.0605,0.8934,0.0769,0,0,0.5792,9.8729,0.35022304,0,0.3075,92.8212,0.129,92.692,0.732,0,0.363,0.012,0.001,0,0,0.009,0.105,0.009,0,0.016,1.464,0.001,1.09,0.012,0.001,0,0,0.009,0.105,0.018,0,0.016,2.709,11.891,0.005,8.855,0.101,0.009,0,0,0.076,0.851,0.146,0,0.131,8.12,5.946,0.003,5.903,0.101,0.009,0,0,0.152,1.702,0.073,0,0.131,13.888,5.946,2.054,3.849,0.003,0.101,0.009,0,0,0.152,1.702,0.073,0,0.131,13.888,3.869,0,1.138753537,-0.138753537,0.032855718
12A13_5,12A13_t_ms-4,12A13,1,43.9713,0.0299,36.9806,1.0709,0.094,0,0,0.4668,10.2194,0.35022304,0,0.4028,93.2643,0.17,93.095,0.732,0,0.363,0.015,0.001,0,0,0.008,0.108,0.009,0,0.021,1.464,0.001,1.088,0.015,0.001,0,0,0.008,0.108,0.018,0,0.021,2.713,11.868,0.006,8.822,0.121,0.011,0,0,0.061,0.88,0.146,0,0.172,8.108,5.934,0.003,5.881,0.121,0.011,0,0,0.122,1.759,0.073,0,0.172,13.904,5.934,2.066,3.815,0.003,0.121,0.011,0,0,0.122,1.759,0.073,0,0.172,13.904,3.828,0,1.137748679,-0.137748679,0.042971384
12A13_6,12A13_t_ms-8,12A13,1,44.1506,0.0233,37.0724,1.0235,0.03,0.0012,0,0.6068,10.1252,0.353531932,0,0.3521,93.4018,0.148,93.254,0.735,0,0.364,0.014,0,0,0,0.01,0.107,0.009,0,0.019,1.47,0.001,1.091,0.014,0,0,0,0.01,0.107,0.018,0,0.019,2.721,11.885,0.005,8.821,0.115,0.003,0,0,0.079,0.869,0.147,0,0.15,8.087,5.943,0.002,5.881,0.115,0.003,0,0,0.158,1.738,0.073,0,0.15,13.915,5.943,2.057,3.823,0.002,0.115,0.003,0,0,0.158,1.738,0.073,0,0.15,13.915,3.85,6.10E-05,1.136761821,-0.136822867,0.037465047
12A13_7,12A13_t_ms-10,12A13,1,43.4875,0.0504,37.0217,1.1031,0.0794,0,0,0.6835,9.7873,0.368138963,0.0014,0.3813,92.6259,0.161,92.465,0.724,0.001,0.363,0.015,0.001,0,0,0.011,0.104,0.009,0,0.02,1.448,0.001,1.089,0.015,0.001,0,0,0.011,0.104,0.019,0,0.02,2.699,11.802,0.01,8.88,0.125,0.009,0,0,0.09,0.847,0.154,0,0.164,8.152,5.901,0.005,5.92,0.125,0.009,0,0,0.18,1.694,0.077,0,0.164,13.912,5.901,2.099,3.821,0.005,0.125,0.009,0,0,0.18,1.694,0.077,0,0.164,13.912,3.836,0,1.144725109,-0.144725109,0.04090497
12A13_8,12A13_t_ms-9,12A13,1,44.1427,0.0091,37.0242,1.0927,0.0605,0.0105,0,0.6062,10.0061,0.364105503,0,0.4268,93.4383,0.18,93.259,0.735,0,0.363,0.015,0.001,0,0,0.01,0.106,0.009,0,0.022,1.469,0,1.089,0.015,0.001,0,0,0.01,0.106,0.019,0,0.022,2.721,11.88,0.002,8.807,0.123,0.007,0.002,0,0.079,0.859,0.151,0,0.182,8.084,5.94,0.001,5.871,0.123,0.007,0.002,0,0.158,1.717,0.076,0,0.182,13.895,5.94,2.06,3.811,0.001,0.123,0.007,0.002,0,0.158,1.717,0.076,0,0.182,13.895,3.818,0.000534075,1.135576113,-0.136110188,0.045399751
12A13_9,12A13_t_ms-7,12A13,1,44.365,0.0333,36.9074,1.0535,0.0936,0.0067,0,0.657,9.8773,0.369322354,0,0.402,93.4579,0.169,93.289,0.738,0,0.362,0.015,0.001,0,0,0.011,0.105,0.009,0,0.021,1.477,0.001,1.086,0.015,0.001,0,0,0.011,0.105,0.019,0,0.021,2.725,11.924,0.007,8.768,0.118,0.011,0.001,0,0.086,0.847,0.153,0,0.171,8.074,5.962,0.003,5.845,0.118,0.011,0.001,0,0.171,1.693,0.077,0,0.171,13.882,5.962,2.038,3.807,0.003,0.118,0.011,0.001,0,0.171,1.693,0.077,0,0.171,13.882,3.829,0.000340596,1.131047546,-0.131388141,0.042707357
12A13_10,12A13_t_ms-7,12A13,1,43.9497,0.0358,37.0007,1.1742,0.091,0,0,0.6414,9.4496,0.369322354,0,0.4809,92.8759,0.202,92.673,0.732,0,0.363,0.016,0.001,0,0,0.01,0.1,0.009,0,0.025,1.463,0.001,1.089,0.016,0.001,0,0,0.01,0.1,0.019,0,0.025,2.713,11.866,0.007,8.83,0.133,0.01,0,0,0.084,0.814,0.154,0,0.205,8.111,5.933,0.004,5.887,0.133,0.01,0,0,0.168,1.627,0.077,0,0.205,13.838,5.933,2.067,3.82,0.004,0.133,0.01,0,0,0.168,1.627,0.077,0,0.205,13.838,3.795,0,1.138344931,-0.138344931,0.051320306
12A13_11,12A13_t_ms-15,12A13,1,43.7597,0.0225,36.8384,1.0404,0.0846,0.0186,0,0.611,9.1739,0.465042811,0.0174,0.3564,91.9596,0.154,91.806,0.728,0,0.361,0.014,0.001,0,0,0.01,0.097,0.012,0,0.019,1.457,0.001,1.084,0.014,0.001,0,0,0.01,0.097,0.024,0,0.019,2.698,11.878,0.005,8.838,0.118,0.01,0.004,0,0.08,0.794,0.195,0.004,0.153,8.154,5.939,0.002,5.892,0.118,0.01,0.004,0,0.161,1.588,0.097,0.004,0.153,13.811,5.939,2.061,3.831,0.002,0.118,0.01,0.004,0,0.161,1.588,0.097,0.004,0.153,13.811,3.843,0.00094916,1.137227888,-0.138177048,0.038276093
12A13_12,12A13_t_ms-13,12A13,1,44.0364,0.0188,37.2054,1.009,0.0971,0,0,0.6202,9.4939,0.370894925,0,0.5016,93.0086,0.211,92.797,0.733,0,0.365,0.014,0.001,0,0,0.01,0.101,0.01,0,0.026,1.466,0,1.095,0.014,0.001,0,0,0.01,0.101,0.019,0,0.026,2.72,11.859,0.004,8.856,0.114,0.011,0,0,0.081,0.815,0.154,0,0.214,8.09,5.929,0.002,5.904,0.114,0.011,0,0,0.162,1.631,0.077,0,0.214,13.829,5.929,2.071,3.833,0.002,0.114,0.011,0,0,0.162,1.631,0.077,0,0.214,13.829,3.786,0,1.14038378,-0.14038378,0.053391099
12A13_13,12A13_t_ms-16,12A13,1,44.1602,0.0216,36.6341,1.0936,0.0675,0.0022,0,0.6219,9.9308,0.391113122,0.0007,0.422,93.0014,0.178,92.824,0.735,0,0.359,0.015,0.001,0,0,0.01,0.105,0.01,0,0.022,1.47,0.001,1.078,0.015,0.001,0,0,0.01,0.105,0.02,0,0.022,2.711,11.928,0.004,8.746,0.123,0.008,0,0,0.081,0.855,0.163,0,0.18,8.114,5.964,0.002,5.831,0.123,0.008,0,0,0.163,1.711,0.081,0,0.18,13.884,5.964,2.036,3.795,0.002,0.123,0.008,0,0,0.163,1.711,0.081,0,0.18,13.884,3.82,0.000112752,1.129667953,-0.129780705,0.045055743
12A13_14,12A13_t_ms-16,12A13,1,44.121,0.0332,36.6325,1.0019,0.0369,0.0003,0,0.5242,10.4714,0.391113122,0.0029,0.3376,93.1916,0.143,93.049,0.734,0,0.359,0.014,0.001,0,0,0.008,0.111,0.01,0,0.018,1.469,0.001,1.078,0.014,0.001,0,0,0.008,0.111,0.02,0,0.018,2.711,11.921,0.007,8.748,0.113,0.004,0,0,0.069,0.902,0.163,0.001,0.144,8.117,5.961,0.003,5.832,0.113,0.004,0,0,0.137,1.804,0.082,0.001,0.144,13.937,5.961,2.039,3.793,0.003,0.113,0.004,0,0,0.137,1.804,0.082,0.001,0.144,13.937,3.855,1.54E-05,1.130271222,-0.130286661,0.036060357
12A13_15,12A13_t_ms-16,12A13,1,43.9452,0.0257,36.1009,1.2008,0.1099,0.0043,0,0.6063,10.0088,0.391113122,0,0.4365,92.474,0.184,92.29,0.731,0,0.354,0.017,0.002,0,0,0.01,0.106,0.01,0,0.023,1.463,0.001,1.062,0.017,0.002,0,0,0.01,0.106,0.02,0,0.023,2.692,11.957,0.005,8.682,0.137,0.013,0.001,0,0.08,0.868,0.164,0,0.188,8.173,5.978,0.003,5.788,0.137,0.013,0.001,0,0.16,1.737,0.082,0,0.188,13.898,5.978,2.022,3.766,0.003,0.137,0.013,0.001,0,0.16,1.737,0.082,0,0.188,13.898,3.812,0.000222538,1.123800141,-0.124022679,0.046942257
13A08_1,13A08_4,13A08,3a,44.9583,0.1032,37.1008,1.1959,0.0343,0.044,0,0.5456,9.7136,0.338177854,0.0089,0.2579,94.0112,0.111,93.901,0.748,0.001,0.364,0.017,0,0.001,0,0.009,0.103,0.009,0,0.014,1.497,0.003,1.092,0.017,0,0.001,0,0.009,0.103,0.017,0,0.014,2.745,11.994,0.021,8.748,0.133,0.004,0.009,0,0.071,0.826,0.139,0.002,0.109,8.014,5.997,0.01,5.832,0.133,0.004,0.009,0,0.141,1.653,0.07,0.002,0.109,13.849,5.997,2.003,3.829,0.01,0.133,0.004,0.009,0,0.141,1.653,0.07,0.002,0.109,13.849,3.889,0.002195482,1.124243581,-0.126439063,0.027208051
13A08_2,13A08_3,13A08,3a,45.1527,0.0629,36.8072,1.3388,0.0819,0.0247,0,0.4688,9.9723,0.283540921,0.0109,0.4045,94.3332,0.173,94.16,0.752,0.001,0.361,0.019,0.001,0.001,0,0.008,0.106,0.007,0,0.021,1.503,0.002,1.083,0.019,0.001,0.001,0,0.008,0.106,0.015,0,0.021,2.747,12.039,0.013,8.674,0.149,0.009,0.005,0,0.061,0.848,0.117,0.002,0.171,8.009,6.019,0.006,5.783,0.149,0.009,0.005,0,0.121,1.696,0.058,0.002,0.171,13.847,6.019,1.981,3.802,0.006,0.149,0.009,0.005,0,0.121,1.696,0.058,0.002,0.171,13.847,3.827,0.001236008,1.118085822,-0.11932183,0.042654205
13A08_3,13A08_3,13A08,3a,45.1989,0.0596,37.4659,1.1873,0.0182,0.0238,0,0.6075,9.7913,0.283540921,0.0124,0.2833,94.7087,0.122,94.587,0.752,0.001,0.367,0.017,0,0.001,0,0.01,0.104,0.007,0,0.015,1.505,0.001,1.102,0.017,0,0.001,0,0.01,0.104,0.015,0,0.015,2.762,11.986,0.012,8.781,0.132,0.002,0.005,0,0.078,0.828,0.116,0.003,0.119,7.966,5.993,0.006,5.854,0.132,0.002,0.005,0,0.156,1.656,0.058,0.003,0.119,13.861,5.993,2.007,3.847,0.006,0.132,0.002,0.005,0,0.156,1.656,0.058,0.003,0.119,13.861,3.878,0.001178656,1.127998147,-0.129176802,0.029714395
13A08_4,13A08_4,13A08,3a,45.2247,0.0309,37.7621,1.19,0.077,0.0044,0,0.6138,9.7929,0.338177854,0,0.3235,95.071,0.136,94.935,0.753,0,0.37,0.017,0.001,0,0,0.01,0.104,0.009,0,0.017,1.505,0.001,1.111,0.017,0.001,0,0,0.01,0.104,0.017,0,0.017,2.775,11.936,0.006,8.809,0.131,0.009,0.001,0,0.079,0.824,0.138,0,0.135,7.928,5.968,0.003,5.873,0.131,0.009,0.001,0,0.157,1.648,0.069,0,0.135,13.859,5.968,2.032,3.841,0.003,0.131,0.009,0.001,0,0.157,1.648,0.069,0,0.135,13.859,3.865,0.000217243,1.13334,-0.133557243,0.033747758
13A08_5,13A08_3,13A08,3a,44.8927,0.0435,36.9794,1.1201,0.0596,0.013,0,0.6836,9.7534,0.283540921,0.0126,0.3335,93.9638,0.143,93.821,0.747,0.001,0.363,0.016,0.001,0,0,0.011,0.104,0.007,0,0.018,1.494,0.001,1.088,0.016,0.001,0,0,0.011,0.104,0.015,0,0.018,2.738,12.006,0.009,8.741,0.125,0.007,0.003,0,0.089,0.832,0.117,0.003,0.141,8.034,6.003,0.004,5.828,0.125,0.007,0.003,0,0.177,1.664,0.058,0.003,0.141,13.869,6.003,1.997,3.831,0.004,0.125,0.007,0.003,0,0.177,1.664,0.058,0.003,0.141,13.869,3.856,0.00065287,1.124913585,-0.125566456,0.035278977
13A08_6,13A08_4,13A08,3a,44.8371,0.0606,36.4604,1.1326,0.0519,0.001,0,0.6771,10.0648,0.338177854,0,0.223,93.5653,0.094,93.471,0.746,0.001,0.358,0.016,0.001,0,0,0.011,0.107,0.009,0,0.012,1.493,0.002,1.073,0.016,0.001,0,0,0.011,0.107,0.017,0,0.012,2.724,12.053,0.012,8.663,0.127,0.006,0,0,0.088,0.863,0.14,0,0.095,8.075,6.026,0.006,5.775,0.127,0.006,0,0,0.176,1.726,0.07,0,0.095,13.913,6.026,1.974,3.802,0.006,0.127,0.006,0,0,0.176,1.726,0.07,0,0.095,13.913,3.905,5.08E-05,1.117952028,-0.11800287,0.023694173
13A08_7,13A08_3,13A08,3a,44.8495,0.0579,36.5625,1.1375,0.0547,0.0135,0,0.6951,9.9587,0.283540921,0.0146,0.3442,93.7112,0.148,93.563,0.746,0.001,0.359,0.016,0.001,0,0,0.011,0.106,0.007,0,0.018,1.493,0.001,1.076,0.016,0.001,0,0,0.011,0.106,0.015,0,0.018,2.728,12.041,0.012,8.676,0.128,0.006,0.003,0,0.09,0.853,0.117,0.003,0.146,8.065,6.02,0.006,5.784,0.128,0.006,0.003,0,0.181,1.705,0.059,0.003,0.146,13.891,6.02,1.98,3.804,0.006,0.128,0.006,0.003,0,0.181,1.705,0.059,0.003,0.146,13.891,3.851,0.000684518,1.118743191,-0.119427709,0.03655506
13A08_8,13A08_5,13A08,3a,45.509,0.1353,36.6797,1.1322,0.0485,0.0307,0,0.4203,9.9985,0.309360057,0.011,0.2084,94.1858,0.09,94.096,0.757,0.002,0.36,0.016,0.001,0.001,0,0.007,0.106,0.008,0,0.011,1.515,0.003,1.079,0.016,0.001,0.001,0,0.007,0.106,0.016,0,0.011,2.749,12.123,0.027,8.636,0.126,0.005,0.006,0,0.054,0.849,0.127,0.002,0.088,8.002,6.061,0.014,5.758,0.126,0.005,0.006,0,0.109,1.699,0.064,0.002,0.088,13.841,6.061,1.939,3.819,0.014,0.126,0.005,0.006,0,0.109,1.699,0.064,0.002,0.088,13.841,3.91,0.001535415,1.110983437,-0.112518852,0.021956644
13A08_9,13A08_2,13A08,3a,44.6608,0.1278,37.0928,0.9954,0.0225,0.0126,0,0.3942,10.3158,0.279020611,0.0021,0.2999,93.9543,0.127,93.828,0.743,0.002,0.364,0.014,0,0,0,0.006,0.11,0.007,0,0.016,1.487,0.003,1.091,0.014,0,0,0,0.006,0.11,0.014,0,0.016,2.734,11.964,0.026,8.783,0.111,0.003,0.003,0,0.051,0.881,0.115,0,0.127,8.047,5.982,0.013,5.855,0.111,0.003,0.003,0,0.102,1.762,0.058,0,0.127,13.889,5.982,2.018,3.837,0.013,0.111,0.003,0.003,0,0.102,1.762,0.058,0,0.127,13.889,3.873,0.000634336,1.129762362,-0.130396698,0.031758003
13A08_10,13A08_1,13A08,3a,44.7637,0.1088,36.4794,1.2434,0.0617,0.0204,0,0.4665,10.2275,0.37485567,0.0138,0.3195,93.7072,0.138,93.57,0.745,0.001,0.358,0.017,0.001,0.001,0,0.008,0.109,0.01,0,0.017,1.49,0.003,1.073,0.017,0.001,0.001,0,0.008,0.109,0.019,0,0.017,2.729,12.014,0.022,8.653,0.14,0.007,0.004,0,0.061,0.875,0.155,0.003,0.136,8.062,6.007,0.011,5.769,0.14,0.007,0.004,0,0.121,1.751,0.078,0.003,0.136,13.887,6.007,1.993,3.776,0.011,0.14,0.007,0.004,0,0.121,1.751,0.078,0.003,0.136,13.887,3.861,0.001036519,1.118134884,-0.119171403,0.033918967
14B02_1,14B02_10,14B02,5,48.5543,0.5078,21.7611,4.5769,0.3517,2.6908,0,0.3118,10.1896,10.39254679,0.0069,7.904,96.9541,3.33,93.625,0.808,0.006,0.213,0.064,0.005,0.067,0,0.005,0.108,0.267,0,0.416,1.616,0.013,0.64,0.064,0.005,0.067,0,0.005,0.108,0.534,0,0.416,3.26,10.908,0.086,4.321,0.43,0.033,0.451,0,0.034,0.73,3.602,0.001,2.808,6.749,5.454,0.043,2.881,0.43,0.033,0.451,0,0.068,1.46,1.801,0.001,2.808,12.621,5.454,2.546,0.335,0.043,0.43,0.033,0.451,0,0.068,1.46,1.801,0.001,2.808,12.621,1.191,0.348824343,0.411807825,0.239367832,0.702109889
14B02_2,14B02_9,14B02,5,48.1419,0.5446,22.4096,4.4207,0.3167,2.6479,0,0.2671,10.0657,11.78738158,0.0008,7.42,96.314,3.124,93.19,0.801,0.007,0.22,0.062,0.004,0.066,0,0.004,0.107,0.303,0,0.391,1.603,0.014,0.659,0.062,0.004,0.066,0,0.004,0.107,0.605,0,0.391,3.319,10.622,0.09,4.37,0.408,0.03,0.436,0,0.029,0.708,4.013,0,2.588,6.628,5.311,0.045,2.914,0.408,0.03,0.436,0,0.057,1.417,2.006,0,2.588,12.623,5.311,2.689,0.225,0.045,0.408,0.03,0.436,0,0.057,1.417,2.006,0,2.588,12.623,1.411,0.381061754,0.416321213,0.202617033,0.647147481
14B02_3,14B02_8,14B02,5,48.3472,0.5259,22.227,4.5881,0.3397,2.6692,0,0.2726,10.1502,11.78738158,0.0021,7.984,97.1113,3.362,93.749,0.805,0.007,0.218,0.064,0.005,0.066,0,0.004,0.108,0.303,0,0.42,1.609,0.013,0.654,0.064,0.005,0.066,0,0.004,0.108,0.605,0,0.42,3.339,10.604,0.087,4.309,0.421,0.032,0.436,0,0.029,0.71,3.989,0,2.769,6.588,5.302,0.043,2.873,0.421,0.032,0.436,0,0.058,1.42,1.994,0,2.769,12.579,5.302,2.698,0.174,0.043,0.421,0.032,0.436,0,0.058,1.42,1.994,0,2.769,12.579,1.231,0.394413601,0.399445859,0.206140541,0.692203978
14B02_4,14B02_7,14B02,5,46.0471,0.6081,25.3121,4.5361,0.3153,2.4286,0,0.4515,10.0707,6.414951846,0.0328,5.5675,95.5183,2.352,93.167,0.766,0.008,0.248,0.063,0.004,0.06,0,0.007,0.107,0.165,0.001,0.293,1.533,0.015,0.745,0.063,0.004,0.06,0,0.007,0.107,0.329,0.001,0.293,3.011,11.199,0.111,5.441,0.461,0.032,0.44,0,0.053,0.781,2.407,0.007,2.141,7.306,5.599,0.056,3.627,0.461,0.032,0.44,0,0.106,1.562,1.204,0.007,2.141,13.088,5.599,2.401,1.227,0.056,0.461,0.032,0.44,0,0.106,1.562,1.204,0.007,2.141,13.088,1.852,0.198651318,0.666890225,0.134458458,0.536097926
14B02_5,14B02_5,14B02,5,45.4462,0.7592,27.9872,3.6632,0.293,2.1833,0,0.3239,9.8381,8.491993829,0.006,4.0361,94.8389,1.701,93.138,0.756,0.01,0.274,0.051,0.004,0.054,0,0.005,0.104,0.218,0,0.212,1.513,0.019,0.823,0.051,0.004,0.054,0,0.005,0.104,0.436,0,0.212,3.117,10.679,0.134,5.813,0.36,0.029,0.382,0,0.037,0.737,3.079,0.001,1.499,7.059,5.339,0.067,3.875,0.36,0.029,0.382,0,0.074,1.474,1.539,0.001,1.499,13.14,5.339,2.661,1.214,0.067,0.36,0.029,0.382,0,0.074,1.474,1.539,0.001,1.499,13.14,2.499,0.186273645,0.754268847,0.059457508,0.374971554
14B02_6,14B02_6,14B02,5,44.9889,0.8485,29.2091,3.7873,0.2816,2.096,0,0.3775,9.829,4.574663138,0.0122,3.3496,94.9837,1.413,93.571,0.749,0.011,0.286,0.053,0.004,0.052,0,0.006,0.104,0.117,0,0.176,1.498,0.021,0.859,0.053,0.004,0.052,0,0.006,0.104,0.235,0,0.176,2.921,11.281,0.16,6.474,0.397,0.03,0.392,0,0.046,0.786,1.77,0.003,1.328,7.532,5.64,0.08,4.316,0.397,0.03,0.392,0,0.092,1.572,0.885,0.003,1.328,13.403,5.64,2.36,1.956,0.08,0.397,0.03,0.392,0,0.092,1.572,0.885,0.003,1.328,13.403,2.669,0.137227354,0.834698329,0.028074317,0.332196665
14B02_7,14B02_2,14B02,5,44.8887,0.8384,29.6247,3.6339,0.2427,2.0852,0,0.3544,9.8289,4.63656719,0,3.1435,94.7852,1.324,93.462,0.747,0.01,0.291,0.051,0.003,0.052,0,0.006,0.104,0.119,0,0.165,1.494,0.021,0.872,0.051,0.003,0.052,0,0.006,0.104,0.238,0,0.165,2.924,11.245,0.158,6.559,0.381,0.026,0.389,0,0.043,0.785,1.792,0,1.245,7.525,5.622,0.079,4.373,0.381,0.026,0.389,0,0.086,1.57,0.896,0,1.245,13.422,5.622,2.378,1.995,0.079,0.381,0.026,0.389,0,0.086,1.57,0.896,0,1.245,13.422,2.755,0.135678052,0.846670289,0.017651659,0.311245774
14B02_8,14B02_4,14B02,5,44.8275,0.8872,29.4394,3.5533,0.2654,2.0765,0,0.3726,9.8771,4.419227373,0.0034,3.1235,94.6926,1.316,93.377,0.746,0.011,0.289,0.049,0.004,0.052,0,0.006,0.105,0.113,0,0.164,1.492,0.022,0.866,0.049,0.004,0.052,0,0.006,0.105,0.227,0,0.164,2.905,11.299,0.168,6.559,0.374,0.028,0.39,0,0.046,0.794,1.719,0.001,1.245,7.572,5.65,0.084,4.373,0.374,0.028,0.39,0,0.091,1.588,0.859,0.001,1.245,13.437,5.65,2.35,2.022,0.084,0.374,0.028,0.39,0,0.091,1.588,0.859,0.001,1.245,13.437,2.754,0.134572294,0.844623664,0.020804042,0.311250885
14B02_9,14B02_3,14B02,5,44.5122,0.7841,29.878,3.3765,0.246,1.9836,0,0.3344,9.9025,8.231498266,0,2.8676,94.0993,1.207,92.892,0.741,0.01,0.293,0.047,0.003,0.049,0,0.005,0.105,0.211,0,0.151,1.482,0.02,0.879,0.047,0.003,0.049,0,0.005,0.105,0.423,0,0.151,3.089,10.553,0.14,6.261,0.335,0.025,0.351,0,0.038,0.749,3.011,0,1.075,7.122,5.277,0.07,4.174,0.335,0.025,0.351,0,0.077,1.497,1.506,0,1.075,13.31,5.277,2.723,1.451,0.07,0.335,0.025,0.351,0,0.077,1.497,1.506,0,1.075,13.31,2.925,0.157155113,0.836031518,0.00681337,0.268730454
14B02_10,14B02_1,14B02,5,45.5195,0.8433,27.7705,3.9453,0.2595,2.191,0,0.3395,9.8808,4.233576508,0,4.1338,95.1003,1.741,93.36,0.758,0.011,0.272,0.055,0.004,0.054,0,0.005,0.105,0.109,0,0.218,1.515,0.021,0.817,0.055,0.004,0.054,0,0.005,0.105,0.217,0,0.218,2.903,11.483,0.16,6.192,0.416,0.028,0.412,0,0.042,0.795,1.648,0,1.649,7.578,5.742,0.08,4.128,0.416,0.028,0.412,0,0.083,1.59,0.824,0,1.649,13.302,5.742,2.258,1.87,0.08,0.416,0.028,0.412,0,0.083,1.59,0.824,0,1.649,13.302,2.351,0.146850184,0.784478141,0.068671675,0.412197466
14B02_11,14B02_11,14B02,5,45.0082,0.8059,27.9827,4.218,0.2381,2.2071,0,0.2877,9.9415,6.44959044,0,3.6049,94.4519,1.518,92.934,0.749,0.01,0.274,0.059,0.003,0.055,0,0.005,0.106,0.166,0,0.19,1.498,0.02,0.823,0.059,0.003,0.055,0,0.005,0.106,0.331,0,0.19,2.995,11.006,0.148,6.048,0.431,0.025,0.402,0,0.034,0.775,2.433,0,1.394,7.346,5.503,0.074,4.032,0.431,0.025,0.402,0,0.068,1.55,1.217,0,1.394,13.303,5.503,2.497,1.535,0.074,0.431,0.025,0.402,0,0.068,1.55,1.217,0,1.394,13.303,2.606,0.163051577,0.782040215,0.054908207,0.348430206
14B02_12,14B02_12,14B02,5,44.9169,0.8755,28.2432,4.2108,0.2442,2.1978,0.0457,0.334,9.6248,4.724027667,0.0017,3.7142,94.6461,1.564,93.082,0.748,0.011,0.277,0.059,0.003,0.055,0.001,0.005,0.102,0.121,0,0.195,1.495,0.022,0.831,0.059,0.003,0.055,0.001,0.005,0.102,0.243,0,0.195,2.914,11.291,0.166,6.275,0.443,0.026,0.412,0.006,0.041,0.772,1.832,0,1.476,7.551,5.645,0.083,4.183,0.443,0.026,0.412,0.006,0.081,1.543,0.916,0,1.476,13.338,5.645,2.355,1.829,0.083,0.443,0.026,0.412,0.006,0.081,1.543,0.916,0,1.476,13.338,2.524,0.147512561,0.804028198,0.048459241,0.36905827
14B02_13,14B02_13,14B02,5,44.857,0.9431,28.7441,3.8628,0.2654,2.0597,0,0.3318,9.7654,6.249822644,0.0048,3.2641,94.3177,1.375,92.942,0.747,0.012,0.282,0.054,0.004,0.051,0,0.005,0.104,0.16,0,0.172,1.493,0.024,0.846,0.054,0.004,0.051,0,0.005,0.104,0.321,0,0.172,2.987,10.997,0.174,6.229,0.396,0.028,0.376,0,0.039,0.763,2.364,0.001,1.265,7.365,5.499,0.087,4.152,0.396,0.028,0.376,0,0.079,1.527,1.182,0.001,1.265,13.326,5.499,2.501,1.651,0.087,0.396,0.028,0.376,0,0.079,1.527,1.182,0.001,1.265,13.326,2.734,0.1483072,0.815584241,0.03610856,0.316385647
14B02_14,14B02_15,14B02,5,47.6899,0.6478,22.7018,4.6529,0.2463,2.6068,0,0.2505,10.0997,8.939486804,0.0027,6.8941,95.9586,2.903,93.055,0.794,0.008,0.223,0.065,0.003,0.065,0,0.004,0.107,0.23,0,0.363,1.588,0.016,0.668,0.065,0.003,0.065,0,0.004,0.107,0.459,0,0.363,3.157,11.065,0.113,4.656,0.451,0.024,0.451,0,0.028,0.747,3.2,0.001,2.529,6.97,5.532,0.057,3.104,0.451,0.024,0.451,0,0.056,1.495,1.6,0.001,2.529,12.77,5.532,2.468,0.636,0.057,0.451,0.024,0.451,0,0.056,1.495,1.6,0.001,2.529,12.77,1.471,0.278470921,0.50196711,0.219561969,0.632321107
14B02_15,14B02_14,14B02,5,44.6592,0.7524,27.9471,4.1215,0.2784,2.2486,0,0.3426,9.916,5.551925644,0.0063,4.0333,94.4777,1.7,92.778,0.743,0.009,0.274,0.057,0.004,0.056,0,0.006,0.105,0.143,0,0.212,1.487,0.019,0.822,0.057,0.004,0.056,0,0.006,0.105,0.285,0,0.212,2.947,11.098,0.141,6.139,0.428,0.029,0.417,0,0.041,0.786,2.129,0.001,1.585,7.465,5.549,0.07,4.092,0.428,0.029,0.417,0,0.083,1.572,1.064,0.001,1.585,13.304,5.549,2.451,1.641,0.07,0.428,0.029,0.417,0,0.083,1.572,1.064,0.001,1.585,13.304,2.414,0.161087555,0.788121658,0.050790788,0.396301759
14B02_16,14B02_20,14B02,5,45.7135,0.805,24.7059,4.7075,0.3159,2.4573,0,0.3827,9.9754,12.97663823,0.0077,6.1679,95.4543,2.599,92.856,0.761,0.01,0.242,0.066,0.004,0.061,0,0.006,0.106,0.333,0,0.325,1.522,0.02,0.727,0.066,0.004,0.061,0,0.006,0.106,0.666,0,0.325,3.341,10.021,0.133,4.787,0.431,0.029,0.402,0,0.041,0.697,4.389,0.001,2.138,6.585,5.011,0.066,3.191,0.431,0.029,0.402,0,0.081,1.395,2.195,0.001,2.138,12.801,5.011,2.989,0.202,0.066,0.431,0.029,0.402,0,0.081,1.395,2.195,0.001,2.138,12.801,1.861,0.355139552,0.526924393,0.117936055,0.534631438
14B02_17,14B02_19,14B02,5,44.7304,0.8518,28.6983,3.9427,0.2536,2.1154,0,0.343,9.9003,4.672254678,0.0026,3.9962,95.0191,1.683,93.336,0.745,0.011,0.281,0.055,0.004,0.052,0,0.006,0.105,0.12,0,0.21,1.489,0.021,0.844,0.055,0.004,0.052,0,0.006,0.105,0.24,0,0.21,2.921,11.213,0.161,6.359,0.413,0.027,0.395,0,0.042,0.791,1.807,0.001,1.584,7.53,5.606,0.08,4.239,0.413,0.027,0.395,0,0.083,1.583,0.904,0.001,1.584,13.331,5.606,2.394,1.846,0.08,0.413,0.027,0.395,0,0.083,1.583,0.904,0.001,1.584,13.331,2.416,0.143150328,0.821320545,0.035529127,0.396013888
14B02_18,14B02_18,14B02,5,46.477,0.8338,23.8192,4.7691,0.2894,2.5535,0,0.2855,10.0058,7.87179908,0.0056,6.4625,95.6851,2.722,92.963,0.774,0.01,0.234,0.066,0.004,0.063,0,0.005,0.106,0.202,0,0.34,1.547,0.021,0.701,0.066,0.004,0.063,0,0.005,0.106,0.404,0,0.34,3.088,11.023,0.149,4.993,0.473,0.029,0.451,0,0.033,0.757,2.88,0.001,2.423,7.124,5.511,0.074,3.329,0.473,0.029,0.451,0,0.066,1.513,1.44,0.001,2.423,12.887,5.511,2.489,0.84,0.074,0.473,0.029,0.451,0,0.066,1.513,1.44,0.001,2.423,12.887,1.576,0.241688025,0.582514957,0.175797019,0.605978774
14B02_19,14B02_17,14B02,5,44.7417,0.8746,28.6013,4.0628,0.2478,2.0791,0,0.3364,9.9264,9.645437259,0.0013,3.7994,94.8939,1.6,93.294,0.745,0.011,0.281,0.057,0.003,0.052,0,0.005,0.105,0.248,0,0.2,1.489,0.022,0.842,0.057,0.003,0.052,0,0.005,0.105,0.495,0,0.2,3.171,10.334,0.152,5.839,0.392,0.024,0.358,0,0.038,0.731,3.437,0,1.387,6.939,5.167,0.076,3.893,0.392,0.024,0.358,0,0.075,1.462,1.719,0,1.387,13.167,5.167,2.833,1.06,0.076,0.392,0.024,0.358,0,0.075,1.462,1.719,0,1.387,13.167,2.612,0.187374554,0.77669156,0.035933885,0.346895547
14B02_20,14B02_16,14B02,5,45.1531,0.8559,27.9809,4.3031,0.2603,2.137,0,0.327,9.863,6.684193228,0.0076,3.5613,94.6825,1.501,93.181,0.752,0.011,0.274,0.06,0.004,0.053,0,0.005,0.105,0.172,0,0.187,1.503,0.021,0.823,0.06,0.004,0.053,0,0.005,0.105,0.343,0,0.187,3.012,10.981,0.157,6.014,0.438,0.027,0.387,0,0.039,0.765,2.508,0.002,1.369,7.305,5.49,0.078,4.01,0.438,0.027,0.387,0,0.077,1.53,1.254,0.002,1.369,13.291,5.49,2.51,1.5,0.078,0.438,0.027,0.387,0,0.077,1.53,1.254,0.002,1.369,13.291,2.629,0.159426184,0.783274951,0.057298865,0.342453863
01A06A_1,01A06A_t-25,01A06A,5,44.6932,0.3766,32.9316,1.5475,0.0724,1.6551,0,0.5264,9.3139,1.091355691,0,0.3537,91.4796,0.149,91.331,0.744,0.005,0.323,0.022,0.001,0.041,0,0.008,0.099,0.028,0,0.019,1.488,0.009,0.969,0.022,0.001,0.041,0,0.008,0.099,0.056,0,0.019,2.703,12.111,0.077,7.888,0.175,0.008,0.334,0,0.069,0.805,0.456,0,0.152,8.141,6.056,0.038,5.259,0.175,0.008,0.334,0,0.138,1.61,0.228,0,0.152,13.847,6.056,1.944,3.314,0.038,0.175,0.008,0.334,0,0.138,1.61,0.228,0,0.152,13.847,3.848,0.086376652,0.964999416,-0.051376068,0.037885534
01A06A_2,01A06A_t-26,01A06A,5,44.4393,0.3435,32.7372,1.7488,0.0865,1.7722,0,0.4524,9.9006,1.339532512,0.0005,0.3434,91.858,0.145,91.713,0.74,0.004,0.321,0.024,0.001,0.044,0,0.007,0.105,0.034,0,0.018,1.479,0.009,0.963,0.024,0.001,0.044,0,0.007,0.105,0.069,0,0.018,2.711,12.005,0.07,7.817,0.198,0.01,0.357,0,0.059,0.853,0.558,0,0.147,8.115,6.003,0.035,5.211,0.198,0.01,0.357,0,0.118,1.706,0.279,0,0.147,13.916,6.003,1.997,3.214,0.035,0.198,0.01,0.357,0,0.118,1.706,0.279,0,0.147,13.916,3.853,0.093592215,0.957244783,-0.050836998,0.036669053
01A06A_3,01A06A_t-24,01A06A,5,43.7288,0.2689,33.998,1.4153,0.0398,1.326,0,0.5801,9.0778,1.205797741,0.0157,0.353,90.8889,0.152,90.737,0.728,0.003,0.333,0.02,0.001,0.033,0,0.009,0.096,0.031,0,0.019,1.456,0.007,1,0.02,0.001,0.033,0,0.009,0.096,0.062,0,0.019,2.693,11.892,0.055,8.172,0.161,0.005,0.269,0,0.076,0.787,0.506,0.004,0.152,8.169,5.946,0.027,5.448,0.161,0.005,0.269,0,0.153,1.574,0.253,0.004,0.152,13.836,5.946,2.054,3.394,0.027,0.161,0.005,0.269,0,0.153,1.574,0.253,0.004,0.152,13.836,3.845,0.06971651,1.014593556,-0.084310066,0.037977557
01A06A_4,01A06A_t-22,01A06A,5,44.4418,0.4453,33.5223,1.5401,0.0738,1.5619,0,0.4306,9.9232,1.239184383,0,0.2868,92.2462,0.121,92.125,0.74,0.006,0.329,0.021,0.001,0.039,0,0.007,0.105,0.032,0,0.015,1.479,0.011,0.986,0.021,0.001,0.039,0,0.007,0.105,0.064,0,0.015,2.722,11.959,0.09,7.973,0.173,0.008,0.313,0,0.056,0.852,0.514,0,0.122,8.083,5.979,0.045,5.315,0.173,0.008,0.313,0,0.112,1.703,0.257,0,0.122,13.907,5.979,2.021,3.295,0.045,0.173,0.008,0.313,0,0.112,1.703,0.257,0,0.122,13.907,3.878,0.081697483,0.983929241,-0.065626724,0.03050426
01A06A_5,01A06A_t-23,01A06A,5,45.4244,0.3218,31.7122,1.7633,0.0714,1.9649,0.0322,0.3452,8.8257,1.18124197,0.0101,0.6281,91.1554,0.267,90.889,0.756,0.004,0.311,0.025,0.001,0.049,0.001,0.006,0.094,0.03,0,0.033,1.512,0.008,0.933,0.025,0.001,0.049,0.001,0.006,0.094,0.061,0,0.033,2.705,12.299,0.066,7.59,0.2,0.008,0.397,0.005,0.045,0.762,0.493,0.002,0.269,8.134,6.15,0.033,5.06,0.2,0.008,0.397,0.005,0.091,1.524,0.247,0.002,0.269,13.713,6.15,1.85,3.209,0.033,0.2,0.008,0.397,0.005,0.091,1.524,0.247,0.002,0.269,13.713,3.729,0.103100419,0.9146132,-0.017713619,0.067260954
01A06A_6,01A06A_t-29,01A06A,5,44.1868,0.3909,33.3809,1.6116,0.0661,1.6541,0,0.5343,9.7554,1.179153868,0.0019,0.4057,92.0188,0.171,91.848,0.735,0.005,0.327,0.022,0.001,0.041,0,0.009,0.104,0.03,0,0.021,1.471,0.01,0.982,0.022,0.001,0.041,0,0.009,0.104,0.061,0,0.021,2.711,11.938,0.079,7.971,0.182,0.008,0.333,0,0.07,0.84,0.492,0,0.173,8.116,5.969,0.04,5.314,0.182,0.008,0.333,0,0.14,1.681,0.246,0,0.173,13.912,5.969,2.031,3.283,0.04,0.182,0.008,0.333,0,0.14,1.681,0.246,0,0.173,13.912,3.826,0.086624396,0.979546308,-0.066170703,0.043328334
01A06A_7,01A06A_t-30,01A06A,5,44.0168,0.3638,33.5361,1.6696,0.0429,1.5983,0,0.5216,9.4677,1.407810001,0.0096,0.3686,91.6402,0.157,91.483,0.733,0.005,0.329,0.023,0.001,0.04,0,0.008,0.101,0.036,0,0.019,1.465,0.009,0.987,0.023,0.001,0.04,0,0.008,0.101,0.072,0,0.019,2.716,11.87,0.074,7.994,0.188,0.005,0.321,0,0.068,0.814,0.586,0.002,0.157,8.101,5.935,0.037,5.329,0.188,0.005,0.321,0,0.136,1.628,0.293,0.002,0.157,13.873,5.935,2.065,3.264,0.037,0.188,0.005,0.321,0,0.136,1.628,0.293,0.002,0.157,13.873,3.841,0.084204377,0.987112823,-0.0713172,0.039311746
01A06A_8,01A06A_t-27,01A06A,5,43.7172,0.2647,34.0887,1.4091,0.0781,1.3368,0,0.5792,10.0066,1.262961954,0.0024,0.3594,91.8726,0.152,91.721,0.728,0.003,0.334,0.02,0.001,0.033,0,0.009,0.106,0.032,0,0.019,1.455,0.007,1.003,0.02,0.001,0.033,0,0.009,0.106,0.065,0,0.019,2.709,11.82,0.054,8.146,0.159,0.009,0.269,0,0.076,0.863,0.527,0.001,0.154,8.122,5.91,0.027,5.431,0.159,0.009,0.269,0,0.152,1.726,0.263,0.001,0.154,13.946,5.91,2.09,3.341,0.027,0.159,0.009,0.269,0,0.152,1.726,0.263,0.001,0.154,13.946,3.846,0.070800373,1.015106666,-0.085907039,0.038413055
01A06A_9,01A06A_t-28,01A06A,5,44.5677,0.2658,34.0698,1.3337,0.0774,1.3101,0,0.6305,9.7365,1.031693485,0,0.3797,92.4398,0.16,92.28,0.742,0.003,0.334,0.019,0.001,0.033,0,0.01,0.103,0.026,0,0.02,1.484,0.007,1.002,0.019,0.001,0.033,0,0.01,0.103,0.053,0,0.02,2.721,11.994,0.054,8.104,0.15,0.009,0.263,0,0.082,0.836,0.428,0,0.162,8.084,5.997,0.027,5.403,0.15,0.009,0.263,0,0.164,1.671,0.214,0,0.162,13.898,5.997,2.003,3.399,0.027,0.15,0.009,0.263,0,0.164,1.671,0.214,0,0.162,13.898,3.838,0.068295997,1.006243635,-0.074539632,0.040388629
01A06A_10,01A06A_t-13,01A06A,5,44.673,0.3307,32.6958,1.7799,0.0864,1.7686,0,0.4537,9.5089,1.290755514,0,0.4203,91.7779,0.177,91.601,0.744,0.004,0.321,0.025,0.001,0.044,0,0.007,0.101,0.033,0,0.022,1.487,0.008,0.962,0.025,0.001,0.044,0,0.007,0.101,0.066,0,0.022,2.713,12.06,0.067,7.801,0.201,0.01,0.356,0,0.059,0.819,0.538,0,0.179,8.109,6.03,0.034,5.201,0.201,0.01,0.356,0,0.119,1.637,0.269,0,0.179,13.856,6.03,1.97,3.231,0.034,0.201,0.01,0.356,0,0.119,1.637,0.269,0,0.179,13.856,3.821,0.092898346,0.954077771,-0.046976116,0.044846951
01A06A_11,01A06A_t-13,01A06A,5,45.1129,0.3014,33.0109,1.7138,0.0954,1.8866,0,0.4577,9.6483,1.290755514,0.0063,0.5752,92.8519,0.244,92.608,0.751,0.004,0.324,0.024,0.001,0.047,0,0.007,0.102,0.033,0,0.03,1.502,0.008,0.971,0.024,0.001,0.047,0,0.007,0.102,0.066,0,0.03,2.744,12.041,0.061,7.787,0.191,0.011,0.375,0,0.059,0.821,0.532,0.001,0.243,8.018,6.02,0.03,5.192,0.191,0.011,0.375,0,0.118,1.642,0.266,0.001,0.243,13.846,6.02,1.98,3.212,0.03,0.191,0.011,0.375,0,0.118,1.642,0.266,0.001,0.243,13.846,3.756,0.098266766,0.948307206,-0.046573971,0.060702777
01A06A_12,01A06A_t-10,01A06A,5,44.3906,0.2372,33.6811,1.5925,0.0321,1.6322,0,0.5779,9.4747,1.334248877,0,0.4302,92.1039,0.181,91.923,0.739,0.003,0.33,0.022,0,0.041,0,0.009,0.101,0.034,0,0.023,1.478,0.006,0.991,0.022,0,0.041,0,0.009,0.101,0.069,0,0.023,2.728,11.919,0.048,7.993,0.179,0.004,0.327,0,0.075,0.811,0.553,0,0.183,8.066,5.96,0.024,5.329,0.179,0.004,0.327,0,0.15,1.623,0.276,0,0.183,13.871,5.96,2.04,3.288,0.024,0.179,0.004,0.327,0,0.15,1.623,0.276,0,0.183,13.871,3.817,0.085484106,0.983317771,-0.068801878,0.045657155
01A06A_13,01A06A_t-11,01A06A,5,44.6888,0.3809,32.5877,1.7309,0.0722,1.9491,0,0.444,9.8034,1.275526597,0.0022,0.5604,92.2214,0.236,91.985,0.744,0.005,0.32,0.024,0.001,0.048,0,0.007,0.104,0.033,0,0.029,1.488,0.01,0.959,0.024,0.001,0.048,0,0.007,0.104,0.066,0,0.029,2.721,12.028,0.077,7.752,0.195,0.008,0.391,0,0.058,0.841,0.53,0.001,0.238,8.085,6.014,0.039,5.168,0.195,0.008,0.391,0,0.116,1.683,0.265,0.001,0.238,13.878,6.014,1.986,3.182,0.039,0.195,0.008,0.391,0,0.116,1.683,0.265,0.001,0.238,13.878,3.761,0.102505083,0.941790163,-0.044295247,0.059625314
01A06A_14,01A06A_t-9,01A06A,5,44.3451,0.3323,33.9294,1.2841,0.0653,1.3456,0,0.5803,9.8815,1.064286266,0.0076,0.3283,92.1254,0.14,91.985,0.738,0.004,0.333,0.018,0.001,0.033,0,0.009,0.105,0.027,0,0.017,1.476,0.008,0.998,0.018,0.001,0.033,0,0.009,0.105,0.055,0,0.017,2.713,11.972,0.067,8.096,0.145,0.007,0.271,0,0.076,0.851,0.443,0.002,0.14,8.11,5.986,0.034,5.398,0.145,0.007,0.271,0,0.152,1.701,0.222,0.002,0.14,13.916,5.986,2.014,3.384,0.034,0.145,0.007,0.271,0,0.152,1.701,0.222,0.002,0.14,13.916,3.858,0.070508589,1.004371256,-0.074879845,0.035048429
01A06A_15,01A06A_t-8,01A06A,5,43.6088,0.4347,34.3911,1.1598,0.0443,1.1659,0,0.6446,9.5731,0.922694245,0,0.4471,91.5839,0.188,91.396,0.726,0.005,0.337,0.016,0.001,0.029,0,0.01,0.102,0.024,0,0.024,1.452,0.011,1.012,0.016,0.001,0.029,0,0.01,0.102,0.047,0,0.024,2.691,11.867,0.089,8.272,0.132,0.005,0.236,0,0.085,0.831,0.387,0,0.192,8.174,5.933,0.044,5.514,0.132,0.005,0.236,0,0.17,1.661,0.194,0,0.192,13.891,5.933,2.067,3.448,0.044,0.132,0.005,0.236,0,0.17,1.661,0.194,0,0.192,13.891,3.808,0.061175506,1.032189473,-0.093364978,0.048088695
01A06A_16,01A06A_t-7,01A06A,5,44.5439,0.2898,32.9884,1.475,0.0521,1.5841,0,0.6175,9.6529,0.947162567,0.0072,0.4472,91.6929,0.19,91.503,0.741,0.004,0.324,0.021,0.001,0.039,0,0.01,0.102,0.024,0,0.024,1.483,0.007,0.971,0.021,0.001,0.039,0,0.01,0.102,0.049,0,0.024,2.694,12.108,0.059,7.926,0.168,0.006,0.321,0,0.081,0.837,0.397,0.002,0.192,8.166,6.054,0.03,5.284,0.168,0.006,0.321,0,0.163,1.673,0.199,0.002,0.192,13.897,6.054,1.946,3.338,0.03,0.168,0.006,0.321,0,0.163,1.673,0.199,0.002,0.192,13.897,3.806,0.083107342,0.971503549,-0.054610891,0.048068084
01A06A_17,01A06A_t-1,01A06A,5,43.6777,0.3097,33.9435,1.3266,0.0325,1.3117,0,0.6076,9.6708,0.983692956,0.0001,0.3122,91.2796,0.131,91.148,0.727,0.004,0.333,0.018,0,0.033,0,0.01,0.103,0.025,0,0.016,1.454,0.008,0.999,0.018,0,0.033,0,0.01,0.103,0.051,0,0.016,2.683,11.922,0.064,8.189,0.151,0.004,0.267,0,0.08,0.842,0.414,0,0.135,8.199,5.961,0.032,5.459,0.151,0.004,0.267,0,0.161,1.684,0.207,0,0.135,13.925,5.961,2.039,3.42,0.032,0.151,0.004,0.267,0,0.161,1.684,0.207,0,0.135,13.925,3.865,0.068889829,1.015242459,-0.084132288,0.033682189
01A06A_18,01A06A_t-2,01A06A,5,44.0489,0.2571,34.1206,1.322,0.0602,1.3589,0,0.63,9.6056,1.039878333,0,0.4368,91.8802,0.184,91.696,0.733,0.003,0.335,0.018,0.001,0.034,0,0.01,0.102,0.027,0,0.023,1.466,0.006,1.004,0.018,0.001,0.034,0,0.01,0.102,0.053,0,0.023,2.707,11.918,0.052,8.16,0.15,0.007,0.274,0,0.083,0.829,0.434,0,0.187,8.128,5.959,0.026,5.44,0.15,0.007,0.274,0,0.165,1.658,0.217,0,0.187,13.896,5.959,2.041,3.399,0.026,0.15,0.007,0.274,0,0.165,1.658,0.217,0,0.187,13.896,3.813,0.071080405,1.010962148,-0.082042553,0.046714036
01A06A_19,01A06A_t-4,01A06A,5,44.0802,0.3149,33.3665,1.5214,0.0681,1.6093,0,0.4996,9.257,1.094533302,0.007,0.4103,91.1594,0.174,90.985,0.734,0.004,0.327,0.021,0.001,0.04,0,0.008,0.098,0.028,0,0.022,1.467,0.008,0.982,0.021,0.001,0.04,0,0.008,0.098,0.056,0,0.022,2.693,11.99,0.064,8.022,0.173,0.008,0.326,0,0.066,0.803,0.459,0.002,0.176,8.171,5.995,0.032,5.348,0.173,0.008,0.326,0,0.132,1.606,0.23,0.002,0.176,13.849,5.995,2.005,3.343,0.032,0.173,0.008,0.326,0,0.132,1.606,0.23,0.002,0.176,13.849,3.822,0.084051596,0.983470672,-0.067522269,0.0441291
01A06A_20,01A06A_t-5,01A06A,5,43.7629,0.6831,31.9105,1.8104,0.066,1.9445,0,0.4982,9.7238,1.251257278,0.0035,0.6629,91.1702,0.28,90.89,0.728,0.009,0.313,0.025,0.001,0.048,0,0.008,0.103,0.032,0,0.035,1.457,0.017,0.939,0.025,0.001,0.048,0,0.008,0.103,0.064,0,0.035,2.68,11.958,0.14,7.707,0.207,0.008,0.396,0,0.066,0.847,0.528,0.001,0.286,8.208,5.979,0.07,5.138,0.207,0.008,0.396,0,0.132,1.695,0.264,0.001,0.286,13.888,5.979,2.021,3.117,0.07,0.207,0.008,0.396,0,0.132,1.695,0.264,0.001,0.286,13.888,3.713,0.104291936,0.939877406,-0.044169342,0.071609688
12B02_1,12B02_t-15,12B02,4,46.1984,0.0621,34.3773,2.8915,0.0128,0.0938,0,0.1647,9.4602,0.251893101,0.0158,0.2484,93.5503,0.108,93.442,0.769,0.001,0.337,0.04,0,0.002,0,0.003,0.1,0.006,0,0.013,1.538,0.002,1.011,0.04,0,0.002,0,0.003,0.1,0.013,0,0.013,2.716,12.455,0.013,8.192,0.326,0.001,0.019,0,0.022,0.813,0.105,0.004,0.106,8.099,6.227,0.006,5.461,0.326,0.001,0.019,0,0.043,1.627,0.052,0.004,0.106,13.763,6.227,1.773,3.689,0.006,0.326,0.001,0.019,0,0.043,1.627,0.052,0.004,0.106,13.763,3.891,0.004664452,1.057719977,-0.062384429,0.026493946
12B02_2,12B02_t-16,12B02,4,45.3339,0.0804,33.4531,4.0635,0.0258,0.0916,0,0.1575,9.1248,0.503351946,0.0172,0.2356,92.6669,0.103,92.564,0.755,0.001,0.328,0.057,0,0.002,0,0.003,0.097,0.013,0,0.012,1.509,0.002,0.984,0.057,0,0.002,0,0.003,0.097,0.026,0,0.012,2.686,12.359,0.016,8.061,0.463,0.003,0.019,0,0.021,0.793,0.212,0.004,0.102,8.19,6.18,0.008,5.374,0.463,0.003,0.019,0,0.042,1.587,0.106,0.004,0.102,13.781,6.18,1.82,3.554,0.008,0.463,0.003,0.019,0,0.042,1.587,0.106,0.004,0.102,13.781,3.894,0.004600077,1.052341999,-0.056942076,0.025413076
12B02_3,12B02_t-17,12B02,4,45.515,0.0688,34.079,3.4783,0.0484,0.0852,0,0.1165,9.956,0.133187221,0.0067,0.0981,93.5023,0.043,93.459,0.758,0.001,0.334,0.048,0.001,0.002,0,0.002,0.106,0.003,0,0.005,1.515,0.002,1.003,0.048,0.001,0.002,0,0.002,0.106,0.007,0,0.005,2.688,12.401,0.014,8.207,0.396,0.006,0.017,0,0.015,0.865,0.056,0.002,0.042,8.185,6.201,0.007,5.471,0.396,0.006,0.017,0,0.031,1.73,0.028,0.002,0.042,13.887,6.201,1.799,3.672,0.007,0.396,0.006,0.017,0,0.031,1.73,0.028,0.002,0.042,13.887,3.956,0.004222303,1.062192649,-0.066414952,0.010569059
12B02_4,12B02_t-14,12B02,4,46.3096,0.0682,34.2487,3.1202,0.0368,0.0584,0,0.1421,9.756,0.3252255,0.0083,0.196,94.0119,0.084,93.928,0.771,0.001,0.336,0.043,0.001,0.001,0,0.002,0.104,0.008,0,0.01,1.542,0.002,1.008,0.043,0.001,0.001,0,0.002,0.104,0.017,0,0.01,2.724,12.449,0.014,8.138,0.351,0.004,0.012,0,0.019,0.836,0.135,0.002,0.083,8.076,6.225,0.007,5.425,0.351,0.004,0.012,0,0.037,1.673,0.067,0.002,0.083,13.801,6.225,1.775,3.65,0.007,0.351,0.004,0.012,0,0.037,1.673,0.067,0.002,0.083,13.801,3.915,0.002908629,1.055576508,-0.058485138,0.020836454
12B02_5,12B02_t-13,12B02,4,45.8476,0.0554,34.3563,2.9788,0.0112,0.0613,0,0.1406,10.1067,0.312979989,0.0034,0.1653,93.8386,0.07,93.768,0.763,0.001,0.337,0.041,0,0.002,0,0.002,0.107,0.008,0,0.009,1.526,0.001,1.011,0.041,0,0.002,0,0.002,0.107,0.016,0,0.009,2.712,12.382,0.011,8.201,0.336,0.001,0.012,0,0.018,0.87,0.13,0.001,0.071,8.113,6.191,0.006,5.468,0.336,0.001,0.012,0,0.037,1.741,0.065,0.001,0.071,13.857,6.191,1.809,3.659,0.006,0.336,0.001,0.012,0,0.037,1.741,0.065,0.001,0.071,13.857,3.929,0.003074137,1.063948592,-0.067022729,0.017649515
12B02_6,12B02_t-4,12B02,3a,44.5859,0.0102,37.3072,1.1567,0.1146,0.0176,0,0.6631,9.8827,0.157303216,0.0086,0.1254,93.9087,0.055,93.854,0.742,0,0.366,0.016,0.002,0,0,0.011,0.105,0.004,0,0.007,1.484,0,1.098,0.016,0.002,0,0,0.011,0.105,0.008,0,0.007,2.727,11.972,0.002,8.854,0.13,0.013,0.004,0,0.086,0.846,0.065,0.002,0.053,8.066,5.986,0.001,5.903,0.13,0.013,0.004,0,0.173,1.692,0.033,0.002,0.053,13.934,5.986,2.014,3.889,0.001,0.13,0.013,0.004,0,0.173,1.692,0.033,0.002,0.053,13.934,3.945,0.000872763,1.133817579,-0.134690342,0.013315716
12B02_7,12B02_t-5,12B02,3a,44.9279,0.023,37.1064,0.9783,0.1121,0.0062,0,0.6769,9.4835,0.171427727,0,0.0942,93.4461,0.04,93.406,0.748,0,0.364,0.014,0.002,0,0,0.011,0.101,0.004,0,0.005,1.496,0.001,1.092,0.014,0.002,0,0,0.011,0.101,0.009,0,0.005,2.726,12.069,0.005,8.811,0.11,0.013,0.001,0,0.088,0.812,0.071,0,0.04,8.07,6.035,0.002,5.874,0.11,0.013,0.001,0,0.176,1.625,0.036,0,0.04,13.871,6.035,1.965,3.908,0.002,0.11,0.013,0.001,0,0.176,1.625,0.036,0,0.04,13.871,3.96,0.00030772,1.126856323,-0.127164043,0.010002354
12B02_8,12B02_t-6,12B02,3a,44.6545,0.0362,37.5295,0.7625,0.0854,0.0019,0,0.6516,9.8929,0.13617244,0.0032,0.0629,93.7179,0.027,93.691,0.743,0,0.368,0.011,0.001,0,0,0.011,0.105,0.003,0,0.003,1.487,0.001,1.104,0.011,0.001,0,0,0.011,0.105,0.007,0,0.003,2.728,11.989,0.007,8.906,0.086,0.01,0,0,0.085,0.847,0.056,0.001,0.027,8.065,5.995,0.004,5.937,0.086,0.01,0,0,0.17,1.694,0.028,0.001,0.027,13.923,5.995,2.005,3.932,0.004,0.086,0.01,0,0,0.17,1.694,0.028,0.001,0.027,13.923,3.973,9.43E-05,1.137246853,-0.13734118,0.006676298
12B02_9,12B02_t-9,12B02,3a,43.9724,0.0096,37.6539,0.7116,0.0826,0.0064,0,0.6208,9.4551,0.206110599,0.0084,0.0943,92.6542,0.042,92.613,0.732,0,0.369,0.01,0.001,0,0,0.01,0.1,0.005,0,0.005,1.464,0,1.108,0.01,0.001,0,0,0.01,0.1,0.011,0,0.005,2.707,11.898,0.002,9.005,0.08,0.009,0.001,0,0.081,0.816,0.086,0.002,0.04,8.128,5.949,0.001,6.003,0.08,0.009,0.001,0,0.163,1.632,0.043,0.002,0.04,13.882,5.949,2.051,3.952,0.001,0.08,0.009,0.001,0,0.163,1.632,0.043,0.002,0.04,13.882,3.958,0.000319164,1.14767732,-0.147996485,0.010089821
12B02_10,12B02_t-7,12B02,3a,44.4061,0.018,37.0984,0.8192,0.0799,0.0099,0,0.407,10.0621,0.13912771,0.0015,0.0525,93.0195,0.022,92.997,0.739,0,0.364,0.011,0.001,0,0,0.007,0.107,0.004,0,0.003,1.478,0,1.092,0.011,0.001,0,0,0.007,0.107,0.007,0,0.003,2.705,12.023,0.004,8.878,0.093,0.009,0.002,0,0.053,0.869,0.058,0,0.022,8.133,6.011,0.002,5.919,0.093,0.009,0.002,0,0.107,1.738,0.029,0,0.022,13.909,6.011,1.989,3.93,0.002,0.093,0.009,0.002,0,0.107,1.738,0.029,0,0.022,13.909,3.977,0.000495074,1.133335166,-0.13383024,0.005618847
12B02_11,12B02_t-24,12B02,3b,44.7344,0.0059,36.7862,1.1128,0.1422,0.0257,0,0.4542,9.8772,0.154385658,0.0071,0.2036,93.4143,0.087,93.327,0.745,0,0.361,0.015,0.002,0.001,0,0.007,0.105,0.004,0,0.011,1.489,0,1.082,0.015,0.002,0.001,0,0.007,0.105,0.008,0,0.011,2.715,12.065,0.001,8.769,0.125,0.016,0.005,0,0.059,0.85,0.064,0.002,0.087,8.102,6.033,0.001,5.846,0.125,0.016,0.005,0,0.119,1.699,0.032,0.002,0.087,13.876,6.033,1.967,3.879,0.001,0.125,0.016,0.005,0,0.119,1.699,0.032,0.002,0.087,13.876,3.912,0.00128325,1.12320033,-0.12448358,0.021713635
12B02_12,12B02_t-23,12B02,3b,44.9861,0.0223,36.9723,0.8695,0.118,0.0057,0,0.4378,10.0852,0.110903975,0,0.1782,93.7363,0.075,93.661,0.749,0,0.363,0.012,0.002,0,0,0.007,0.107,0.003,0,0.009,1.498,0.001,1.088,0.012,0.002,0,0,0.007,0.107,0.006,0,0.009,2.724,12.093,0.005,8.785,0.098,0.013,0.001,0,0.057,0.865,0.046,0,0.076,8.075,6.047,0.002,5.856,0.098,0.013,0.001,0,0.114,1.729,0.023,0,0.076,13.884,6.047,1.953,3.903,0.002,0.098,0.013,0.001,0,0.114,1.729,0.023,0,0.076,13.884,3.924,0.000284294,1.123990909,-0.124275203,0.018934414
12B02_13,12B02_t-21,12B02,3b,44.2248,0.013,37.7071,0.6603,0.0562,0.0024,0,0.5128,10.2927,0.176801248,0.0106,0.1205,93.6784,0.053,93.625,0.736,0,0.37,0.009,0.001,0,0,0.008,0.109,0.005,0,0.006,1.472,0,1.109,0.009,0.001,0,0,0.008,0.109,0.009,0,0.006,2.722,11.899,0.003,8.967,0.074,0.006,0,0,0.067,0.883,0.073,0.002,0.051,8.082,5.949,0.001,5.978,0.074,0.006,0,0,0.134,1.766,0.037,0.002,0.051,13.947,5.949,2.051,3.928,0.001,0.074,0.006,0,0,0.134,1.766,0.037,0.002,0.051,13.947,3.946,0.000120033,1.145459499,-0.145579532,0.012822571
